pods,file_descriptors,receive_packets,transmit_packets,dropped_packets,cpu_usage_seconds,cpu_throttled_seconds,memory_working_bytes,memory_usage_bytes,load,date
1.0,0.0,0.0,0.0,0.0,0.0000000000,0.0000000000,0.0,2.0,300,2021-09-02 20:21:05.395730
1.0,0.0,0.0,0.0,0.0,0.0000000000,0.0000000000,0.0,2.0,300,2021-09-02 20:21:05.437468
1.0,0.0,0.0,0.0,0.0,0.0000000000,0.0000000000,0.0,2.0,300,2021-09-02 20:21:05.481285
1.0,0.0,0.0,0.0,0.0,0.0000000000,0.0000000000,0.0,2.0,300,2021-09-02 20:21:05.530111
1.0,0.0,0.0,0.0,0.0,0.0000000000,0.0000000000,0.0,2.0,300,2021-09-02 20:21:05.574043
1.0,0.0,0.0,0.0,0.0,0.0000000000,0.0000000000,0.0,2.0,300,2021-09-02 20:21:05.621893
1.0,0.0,0.0,0.0,0.0,0.0000000000,0.0000000000,0.0,2.0,300,2021-09-02 20:21:05.668852
1.0,0.0,0.0,0.0,0.0,0.0000000000,0.0000000000,0.0,2.0,300,2021-09-02 20:21:05.717707
1.0,0.0,0.0,0.0,0.0,0.0000000000,0.0000000000,0.0,2.0,300,2021-09-02 20:21:05.756025
1.0,0.0,0.0,0.0,0.0,0.0000000000,0.0000000000,0.0,2.0,300,2021-09-02 20:21:05.799460
1.0,0.0,0.0,0.0,0.0,0.0000000000,0.0000000000,0.0,2.0,300,2021-09-02 20:21:05.843095
1.0,0.0,0.0,0.0,0.0,0.0000000000,0.0000000000,0.0,2.0,300,2021-09-02 20:21:05.881914
1.0,0.0,0.0,0.0,0.0,0.0000000000,0.0000000000,0.0,2.0,300,2021-09-02 20:21:05.921522
1.0,0.0,0.0,0.0,0.0,0.0000000000,0.0000000000,0.0,2.0,300,2021-09-02 20:21:06.020681
1.0,0.0,0.0,0.0,0.0,0.0000000000,0.0000000000,0.0,2.0,300,2021-09-02 20:21:06.067322
1.0,0.0,0.0,0.0,0.0,0.0000000000,0.0000000000,0.0,2.0,300,2021-09-02 20:21:06.117726
1.0,0.0,0.0,0.0,0.0,0.0000000000,0.0000000000,0.0,2.0,300,2021-09-02 20:21:06.154830
1.0,0.0,0.0,0.0,0.0,0.0000000000,0.0000000000,0.0,2.0,300,2021-09-02 20:21:06.194406
1.0,0.0,0.0,0.0,0.0,0.0000000000,0.0000000000,0.0,2.0,300,2021-09-02 20:21:06.244161
1.0,0.0,0.0,0.0,0.0,0.0000000000,0.0000000000,0.0,2.0,300,2021-09-02 20:21:06.285816
1.0,0.0,0.0,0.0,0.0,0.0000000000,0.0000000000,0.0,2.0,300,2021-09-02 20:21:06.336046
1.0,0.0,0.0,0.0,0.0,0.0000000000,0.0000000000,0.0,2.0,300,2021-09-02 20:21:06.377781
1.0,0.0,0.0,0.0,0.0,0.0000000000,0.0000000000,0.0,2.0,300,2021-09-02 20:21:06.407536
1.0,0.0,0.0,0.0,0.0,0.0000000000,0.0000000000,0.0,2.0,300,2021-09-02 20:21:06.437813
1.0,0.0,0.0,0.0,0.0,0.0000000000,0.0000000000,0.0,2.0,300,2021-09-02 20:21:06.468325
1.0,0.0,0.0,0.0,0.0,0.0000000000,0.0000000000,0.0,2.0,300,2021-09-02 20:21:06.502502
1.0,0.0,0.0,0.0,0.0,0.0000000000,0.0000000000,0.0,2.0,300,2021-09-02 20:21:06.532954
1.0,0.0,0.0,0.0,0.0,0.0000000000,0.0000000000,0.0,2.0,300,2021-09-02 20:21:06.562980
1.0,0.0,0.0,0.0,0.0,0.0000000000,0.0000000000,0.0,2.0,300,2021-09-02 20:21:06.593950
1.0,0.0,0.0,0.0,0.0,0.0000000000,0.0000000000,0.0,2.0,300,2021-09-02 20:21:06.624940
1.0,0.0,0.0,0.0,0.0,0.0000000000,0.0000000000,0.0,2.0,300,2021-09-02 20:21:06.709989
1.0,0.0,0.0,0.0,0.0,0.0000000000,0.0000000000,0.0,2.0,300,2021-09-02 20:21:06.749582
1.0,0.0,0.0,0.0,0.0,0.0000000000,0.0000000000,0.0,2.0,300,2021-09-02 20:21:06.790707
1.0,0.0,0.0,0.0,0.0,0.0000000000,0.0000000000,0.0,2.0,300,2021-09-02 20:21:06.835734
1.0,0.0,0.0,0.0,0.0,0.0000000000,0.0000000000,0.0,2.0,300,2021-09-02 20:21:06.876758
1.0,0.0,0.0,0.0,0.0,0.0000000000,0.0000000000,0.0,2.0,300,2021-09-02 20:21:06.919508
1.0,0.0,0.0,0.0,0.0,0.0000000000,0.0000000000,0.0,2.0,300,2021-09-02 20:21:06.964365
1.0,0.0,0.0,0.0,0.0,0.0000000000,0.0000000000,0.0,2.0,300,2021-09-02 20:21:07.014442
1.0,0.0,0.0,0.0,0.0,0.0000000000,0.0000000000,0.0,2.0,300,2021-09-02 20:21:07.045005
1.0,0.0,0.0,0.0,0.0,0.0000000000,0.0000000000,0.0,2.0,300,2021-09-02 20:21:07.083103
1.0,0.0,0.0,0.0,0.0,0.0000000000,0.0000000000,0.0,2.0,300,2021-09-02 20:21:07.131821
1.0,0.0,0.0,0.0,0.0,0.0000000000,0.0000000000,0.0,2.0,300,2021-09-02 20:21:07.179899
1.0,0.0,0.0,0.0,0.0,0.0000000000,0.0000000000,0.0,2.0,300,2021-09-02 20:21:07.227189
1.0,0.0,0.0,0.0,0.0,0.0000000000,0.0000000000,0.0,2.0,300,2021-09-02 20:21:07.266146
1.0,0.0,0.0,0.0,0.0,0.0000000000,0.0000000000,0.0,2.0,300,2021-09-02 20:21:07.326658
1.0,0.0,0.0,0.0,0.0,0.0000000000,0.0000000000,0.0,2.0,300,2021-09-02 20:21:07.363040
1.0,0.0,0.0,0.0,0.0,0.0000000000,0.0000000000,0.0,2.0,300,2021-09-02 20:21:07.417212
1.0,0.0,0.0,0.0,0.0,0.0000000000,0.0000000000,0.0,2.0,300,2021-09-02 20:21:07.447342
1.0,0.0,0.0,0.0,0.0,0.0000000000,0.0000000000,0.0,2.0,300,2021-09-02 20:21:07.477181
1.0,0.0,0.0,0.0,0.0,0.0000000000,0.0000000000,0.0,2.0,300,2021-09-02 20:21:07.507240
1.0,0.0,0.0,0.0,0.0,0.0000000000,0.0000000000,0.0,2.0,300,2021-09-02 20:21:07.537351
1.0,0.0,0.0,0.0,0.0,0.0000000000,0.0000000000,0.0,2.0,300,2021-09-02 20:21:07.567213
1.0,0.0,0.0,0.0,0.0,0.0000000000,0.0000000000,0.0,2.0,300,2021-09-02 20:21:07.597349
1.0,0.0,0.0,0.0,0.0,0.0000000000,0.0000000000,0.0,2.0,300,2021-09-02 20:21:07.627842
1.0,0.0,0.0,0.0,0.0,0.0000000000,0.0000000000,0.0,2.0,300,2021-09-02 20:21:07.672766
1.0,0.0,0.0,0.0,0.0,0.0000000000,0.0000000000,0.0,2.0,300,2021-09-02 20:21:07.716450
1.0,0.0,0.0,0.0,0.0,0.0000000000,0.0000000000,0.0,2.0,300,2021-09-02 20:21:07.830322
1.0,0.0,0.0,0.0,0.0,0.0000000000,0.0000000000,0.0,2.0,300,2021-09-02 20:21:07.874342
1.0,0.0,0.0,0.0,0.0,0.0000000000,0.0000000000,0.0,2.0,300,2021-09-02 20:21:07.917979
1.0,0.0,0.0,0.0,0.0,0.0000000000,0.0000000000,0.0,2.0,300,2021-09-02 20:21:07.970687
1.0,0.0,0.0,0.0,0.0,0.0000000000,0.0000000000,0.0,2.0,300,2021-09-02 20:21:08.010781
1.0,0.0,0.0,0.0,0.0,0.0000000000,0.0000000000,0.0,2.0,300,2021-09-02 20:21:08.041872
1.0,0.0,0.0,0.0,0.0,0.0000000000,0.0000000000,0.0,2.0,300,2021-09-02 20:21:08.075538
1.0,0.0,0.0,0.0,0.0,0.0000000000,0.0000000000,0.0,2.0,300,2021-09-02 20:21:08.116562
1.0,0.0,0.0,0.0,0.0,0.0000000000,0.0000000000,0.0,2.0,300,2021-09-02 20:21:08.158488
1.0,0.0,0.0,0.0,0.0,0.0000000000,0.0000000000,0.0,2.0,300,2021-09-02 20:21:08.197519
1.0,0.0,0.0,0.0,0.0,0.0000000000,0.0000000000,0.0,2.0,300,2021-09-02 20:21:08.232130
1.0,0.0,0.0,0.0,0.0,0.0000000000,0.0000000000,0.0,2.0,300,2021-09-02 20:21:08.263867
1.0,0.0,0.0,0.0,0.0,0.0000000000,0.0000000000,0.0,2.0,300,2021-09-02 20:21:08.298096
1.0,0.0,0.0,0.0,0.0,0.0000000000,0.0000000000,0.0,2.0,300,2021-09-02 20:21:08.344336
1.0,0.0,0.0,0.0,0.0,0.0000000000,0.0000000000,0.0,2.0,300,2021-09-02 20:21:08.428547
1.0,0.0,0.0,0.0,0.0,0.0000000000,0.0000000000,0.0,2.0,300,2021-09-02 20:21:08.469165
1.0,0.0,0.0,0.0,0.0,0.0000000000,0.0000000000,0.0,2.0,300,2021-09-02 20:21:08.513105
1.0,0.0,0.0,0.0,0.0,0.0000000000,0.0000000000,0.0,2.0,300,2021-09-02 20:21:08.550044
1.0,0.0,0.0,0.0,0.0,0.0000000000,0.0000000000,0.0,2.0,300,2021-09-02 20:21:08.582801
1.0,0.0,0.0,0.0,0.0,0.0000000000,0.0000000000,0.0,2.0,300,2021-09-02 20:21:08.626900
1.0,0.0,0.0,0.0,0.0,0.0000000000,0.0000000000,0.0,2.0,300,2021-09-02 20:21:08.670837
1.0,0.0,0.0,0.0,0.0,0.0000000000,0.0000000000,0.0,2.0,300,2021-09-02 20:21:08.707432
1.0,0.0,0.0,0.0,0.0,0.0000000000,0.0000000000,0.0,2.0,300,2021-09-02 20:21:08.737410
1.0,0.0,0.0,0.0,0.0,0.0000000000,0.0000000000,0.0,2.0,300,2021-09-02 20:21:08.767167
1.0,0.0,0.0,0.0,0.0,0.0000000000,0.0000000000,0.0,2.0,300,2021-09-02 20:21:08.906002
1.0,0.0,0.0,0.0,0.0,0.0000000000,0.0000000000,0.0,2.0,300,2021-09-02 20:21:08.947598
1.0,0.0,0.0,0.0,0.0,0.0000000000,0.0000000000,0.0,2.0,300,2021-09-02 20:21:08.982544
1.0,0.0,0.0,0.0,0.0,0.0000000000,0.0000000000,0.0,2.0,300,2021-09-02 20:21:09.029224
1.0,0.0,0.0,0.0,0.0,0.0000000000,0.0000000000,0.0,2.0,300,2021-09-02 20:21:09.074194
1.0,0.0,0.0,0.0,0.0,0.0000000000,0.0000000000,0.0,2.0,300,2021-09-02 20:21:09.119215
1.0,0.0,0.0,0.0,0.0,0.0000000000,0.0000000000,0.0,2.0,300,2021-09-02 20:21:09.158131
1.0,0.0,0.0,0.0,0.0,0.0000000000,0.0000000000,0.0,2.0,300,2021-09-02 20:21:09.206128
1.0,0.0,0.0,0.0,0.0,0.0000000000,0.0000000000,0.0,2.0,300,2021-09-02 20:21:09.253847
1.0,0.0,0.0,0.0,0.0,0.0000000000,0.0000000000,0.0,2.0,300,2021-09-02 20:21:09.301623
1.0,0.0,0.0,0.0,0.0,0.0000000000,0.0000000000,0.0,2.0,300,2021-09-02 20:21:09.346746
1.0,0.0,0.0,0.0,0.0,0.0000000000,0.0000000000,0.0,2.0,300,2021-09-02 20:21:09.393704
1.0,0.0,0.0,0.0,0.0,0.0000000000,0.0000000000,0.0,2.0,300,2021-09-02 20:21:09.431057
1.0,0.0,0.0,0.0,0.0,0.0000000000,0.0000000000,0.0,2.0,300,2021-09-02 20:21:09.462469
1.0,0.0,0.0,0.0,0.0,0.0000000000,0.0000000000,0.0,2.0,300,2021-09-02 20:21:09.499563
1.0,0.0,0.0,0.0,0.0,0.0000000000,0.0000000000,0.0,2.0,300,2021-09-02 20:21:09.545288
1.0,0.0,0.0,0.0,0.0,0.0000000000,0.0000000000,0.0,2.0,300,2021-09-02 20:21:09.583521
1.0,0.0,0.0,0.0,0.0,0.0000000000,0.0000000000,0.0,2.0,300,2021-09-02 20:21:09.614402
1.0,0.0,0.0,0.0,0.0,0.0000000000,0.0000000000,0.0,2.0,300,2021-09-02 20:21:09.645172
1.0,0.0,0.0,0.0,0.0,0.0000000000,0.0000000000,0.0,2.0,300,2021-09-02 20:21:09.675423
1.0,0.0,0.0,0.0,0.0,0.0000000000,0.0000000000,0.0,2.0,300,2021-09-02 20:21:09.706220
1.0,0.0,0.0,0.0,0.0,0.0000000000,0.0000000000,0.0,2.0,300,2021-09-02 20:21:09.740705
1.0,0.0,0.0,0.0,0.0,0.0000000000,0.0000000000,0.0,2.0,300,2021-09-02 20:21:09.778639
1.0,0.0,0.0,0.0,0.0,0.0000000000,0.0000000000,0.0,2.0,300,2021-09-02 20:21:09.809325
1.0,0.0,0.0,0.0,0.0,0.0000000000,0.0000000000,0.0,2.0,300,2021-09-02 20:21:09.844499
1.0,0.0,0.0,0.0,0.0,0.0000000000,0.0000000000,0.0,2.0,300,2021-09-02 20:21:09.890685
1.0,0.0,0.0,0.0,0.0,0.0000000000,0.0000000000,0.0,2.0,300,2021-09-02 20:21:09.936233
1.0,0.0,0.0,0.0,0.0,0.0000000000,0.0000000000,0.0,2.0,300,2021-09-02 20:21:09.984903
1.0,0.0,0.0,0.0,0.0,0.0000000000,0.0000000000,0.0,2.0,300,2021-09-02 20:21:10.035026
1.0,0.0,0.0,0.0,0.0,0.0000000000,0.0000000000,0.0,2.0,300,2021-09-02 20:21:10.074495
1.0,0.0,0.0,0.0,0.0,0.0000000000,0.0000000000,0.0,2.0,300,2021-09-02 20:21:10.119507
1.0,0.0,0.0,0.0,0.0,0.0000000000,0.0000000000,0.0,2.0,300,2021-09-02 20:21:10.161700
1.0,0.0,0.0,0.0,0.0,0.0000000000,0.0000000000,0.0,2.0,300,2021-09-02 20:21:10.204465
1.0,0.0,0.0,0.0,0.0,0.0000000000,0.0000000000,0.0,2.0,300,2021-09-02 20:21:10.242182
1.0,0.0,0.0,0.0,0.0,0.0000000000,0.0000000000,0.0,2.0,300,2021-09-02 20:21:10.292686
1.0,0.0,0.0,0.0,0.0,0.0000000000,0.0000000000,0.0,2.0,300,2021-09-02 20:21:10.338046
1.0,0.0,0.0,0.0,0.0,0.0000000000,0.0000000000,0.0,2.0,300,2021-09-02 20:21:10.373938
1.0,0.0,0.0,0.0,0.0,0.0000000000,0.0000000000,0.0,2.0,300,2021-09-02 20:21:10.409950
1.0,0.0,0.0,0.0,0.0,0.0000000000,0.0000000000,0.0,2.0,300,2021-09-02 20:21:10.449213
1.0,0.0,0.0,0.0,0.0,0.0000000000,0.0000000000,0.0,2.0,300,2021-09-02 20:21:10.479213
1.0,0.0,0.0,0.0,0.0,0.0000000000,0.0000000000,0.0,2.0,300,2021-09-02 20:21:10.515482
1.0,0.0,0.0,0.0,0.0,0.0000000000,0.0000000000,0.0,2.0,300,2021-09-02 20:21:10.622146
1.0,0.0,0.0,0.0,0.0,0.0000000000,0.0000000000,0.0,2.0,300,2021-09-02 20:21:10.666943
1.0,0.0,0.0,0.0,0.0,0.0000000000,0.0000000000,0.0,2.0,300,2021-09-02 20:21:10.717920
1.0,0.0,0.0,0.0,0.0,0.0000000000,0.0000000000,0.0,2.0,300,2021-09-02 20:21:10.760628
1.0,0.0,0.0,0.0,0.0,0.0000000000,0.0000000000,0.0,2.0,300,2021-09-02 20:21:10.803600
1.0,0.0,0.0,0.0,0.0,0.0000000000,0.0000000000,0.0,2.0,300,2021-09-02 20:21:10.844778
1.0,0.0,0.0,0.0,0.0,0.0000000000,0.0000000000,0.0,2.0,300,2021-09-02 20:21:10.879035
1.0,0.0,0.0,0.0,0.0,0.0000000000,0.0000000000,0.0,2.0,300,2021-09-02 20:21:10.928675
1.0,0.0,0.0,0.0,0.0,0.0000000000,0.0000000000,0.0,2.0,300,2021-09-02 20:21:10.971812
1.0,0.0,0.0,0.0,0.0,0.0000000000,0.0000000000,0.0,2.0,300,2021-09-02 20:21:11.001161
1.0,0.0,0.0,0.0,0.0,0.0000000000,0.0000000000,0.0,2.0,300,2021-09-02 20:21:11.036259
1.0,0.0,0.0,0.0,0.0,0.0000000000,0.0000000000,0.0,2.0,300,2021-09-02 20:21:11.075008
1.0,0.0,0.0,0.0,0.0,0.0000000000,0.0000000000,0.0,2.0,300,2021-09-02 20:21:11.118226
1.0,0.0,0.0,0.0,0.0,0.0000000000,0.0000000000,0.0,2.0,300,2021-09-02 20:21:11.210567
1.0,0.0,0.0,0.0,0.0,0.0000000000,0.0000000000,0.0,2.0,300,2021-09-02 20:21:11.257395
1.0,0.0,0.0,0.0,0.0,0.0000000000,0.0000000000,0.0,2.0,300,2021-09-02 20:21:11.300386
1.0,0.0,0.0,0.0,0.0,0.0000000000,0.0000000000,0.0,2.0,300,2021-09-02 20:21:11.337461
1.0,0.0,0.0,0.0,0.0,0.0000000000,0.0000000000,0.0,2.0,300,2021-09-02 20:21:11.379195
1.0,0.0,0.0,0.0,0.0,0.0000000000,0.0000000000,0.0,2.0,300,2021-09-02 20:21:11.423751
1.0,0.0,0.0,0.0,0.0,0.0000000000,0.0000000000,0.0,2.0,300,2021-09-02 20:21:11.467520
1.0,0.0,0.0,0.0,0.0,0.0000000000,0.0000000000,0.0,2.0,300,2021-09-02 20:21:11.503818
1.0,0.0,0.0,0.0,0.0,0.0000000000,0.0000000000,0.0,2.0,300,2021-09-02 20:21:11.541290
1.0,0.0,0.0,0.0,0.0,0.0000000000,0.0000000000,0.0,2.0,300,2021-09-02 20:21:11.579063
1.0,0.0,0.0,0.0,0.0,0.0000000000,0.0000000000,0.0,2.0,300,2021-09-02 20:21:11.617915
1.0,0.0,0.0,0.0,0.0,0.0000000000,0.0000000000,0.0,2.0,300,2021-09-02 20:21:11.659637
1.0,0.0,0.0,0.0,0.0,0.0000000000,0.0000000000,0.0,2.0,300,2021-09-02 20:21:11.695408
1.0,0.0,0.0,0.0,0.0,0.0000000000,0.0000000000,0.0,2.0,300,2021-09-02 20:21:11.736883
1.0,0.0,0.0,0.0,0.0,0.0000000000,0.0000000000,0.0,2.0,300,2021-09-02 20:21:11.823506
1.0,0.0,0.0,0.0,0.0,0.0000000000,0.0000000000,0.0,2.0,300,2021-09-02 20:21:11.859637
1.0,0.0,0.0,0.0,0.0,0.0000000000,0.0000000000,0.0,2.0,300,2021-09-02 20:21:11.905618
1.0,0.0,0.0,0.0,0.0,0.0000000000,0.0000000000,0.0,2.0,300,2021-09-02 20:21:11.942626
1.0,0.0,0.0,0.0,0.0,0.0000000000,0.0000000000,0.0,2.0,300,2021-09-02 20:21:11.978515
1.0,0.0,0.0,0.0,0.0,0.0000000000,0.0000000000,0.0,2.0,300,2021-09-02 20:21:12.011663
1.0,0.0,0.0,0.0,0.0,0.0000000000,0.0000000000,0.0,2.0,300,2021-09-02 20:21:12.047883
1.0,0.0,0.0,0.0,0.0,0.0000000000,0.0000000000,0.0,2.0,300,2021-09-02 20:21:12.087007
1.0,0.0,0.0,0.0,0.0,0.0000000000,0.0000000000,0.0,2.0,300,2021-09-02 20:21:12.128135
1.0,0.0,0.0,0.0,0.0,0.0000000000,0.0000000000,0.0,2.0,300,2021-09-02 20:21:12.164887
1.0,0.0,0.0,0.0,0.0,0.0000000000,0.0000000000,0.0,2.0,300,2021-09-02 20:21:12.203137
1.0,0.0,0.0,0.0,0.0,0.0000000000,0.0000000000,0.0,2.0,300,2021-09-02 20:21:12.243606
1.0,0.0,0.0,0.0,0.0,0.0000000000,0.0000000000,0.0,2.0,300,2021-09-02 20:21:12.285498
1.0,0.0,0.0,0.0,0.0,0.0000000000,0.0000000000,0.0,2.0,300,2021-09-02 20:21:12.426579
1.0,0.0,0.0,0.0,0.0,0.0000000000,0.0000000000,0.0,2.0,300,2021-09-02 20:21:12.505520
1.0,0.0,0.0,0.0,0.0,0.0000000000,0.0000000000,0.0,2.0,300,2021-09-02 20:21:12.554418
1.0,0.0,0.0,0.0,0.0,0.0000000000,0.0000000000,0.0,2.0,300,2021-09-02 20:21:12.604264
1.0,0.0,0.0,0.0,0.0,0.0000000000,0.0000000000,0.0,2.0,300,2021-09-02 20:21:12.639083
1.0,0.0,0.0,0.0,0.0,0.0000000000,0.0000000000,0.0,2.0,300,2021-09-02 20:21:12.673816
1.0,0.0,0.0,0.0,0.0,0.0000000000,0.0000000000,0.0,2.0,300,2021-09-02 20:21:12.723552
1.0,0.0,0.0,0.0,0.0,0.0000000000,0.0000000000,0.0,2.0,300,2021-09-02 20:21:12.753095
1.0,0.0,0.0,0.0,0.0,0.0000000000,0.0000000000,0.0,2.0,300,2021-09-02 20:21:12.798689
1.0,0.0,0.0,0.0,0.0,0.0000000000,0.0000000000,0.0,2.0,300,2021-09-02 20:21:12.846324
1.0,0.0,0.0,0.0,0.0,0.0000000000,0.0000000000,0.0,2.0,300,2021-09-02 20:21:12.886452
1.0,0.0,0.0,0.0,0.0,0.0000000000,0.0000000000,0.0,2.0,300,2021-09-02 20:21:12.923083
1.0,0.0,0.0,0.0,0.0,0.0000000000,0.0000000000,0.0,2.0,300,2021-09-02 20:21:12.965273
1.0,0.0,0.0,0.0,0.0,0.0000000000,0.0000000000,0.0,2.0,300,2021-09-02 20:21:13.008608
1.0,0.0,0.0,0.0,0.0,0.0000000000,0.0000000000,0.0,2.0,300,2021-09-02 20:21:13.053219
1.0,0.0,0.0,0.0,0.0,0.0000000000,0.0000000000,0.0,2.0,300,2021-09-02 20:21:13.088699
1.0,0.0,0.0,0.0,0.0,0.0000000000,0.0000000000,0.0,2.0,300,2021-09-02 20:21:13.133787
1.0,0.0,0.0,0.0,0.0,0.0000000000,0.0000000000,0.0,2.0,300,2021-09-02 20:21:13.181327
1.0,0.0,0.0,0.0,0.0,0.0000000000,0.0000000000,0.0,2.0,300,2021-09-02 20:21:13.226199
1.0,0.0,0.0,0.0,0.0,0.0000000000,0.0000000000,0.0,2.0,300,2021-09-02 20:21:13.263420
1.0,0.0,0.0,0.0,0.0,0.0000000000,0.0000000000,0.0,2.0,300,2021-09-02 20:21:13.301437
1.0,0.0,0.0,0.0,0.0,0.0000000000,0.0000000000,0.0,2.0,300,2021-09-02 20:21:13.342286
1.0,0.0,0.0,0.0,0.0,0.0000000000,0.0000000000,0.0,2.0,300,2021-09-02 20:21:13.378943
1.0,0.0,0.0,0.0,0.0,0.0000000000,0.0000000000,0.0,2.0,300,2021-09-02 20:21:13.415560
1.0,0.0,0.0,0.0,0.0,0.0000000000,0.0000000000,0.0,2.0,300,2021-09-02 20:21:13.446222
1.0,0.0,0.0,0.0,0.0,0.0000000000,0.0000000000,0.0,2.0,300,2021-09-02 20:21:13.482269
1.0,0.0,0.0,0.0,0.0,0.0000000000,0.0000000000,0.0,2.0,300,2021-09-02 20:21:13.519411
1.0,0.0,0.0,0.0,0.0,0.0000000000,0.0000000000,0.0,2.0,300,2021-09-02 20:21:13.614842
1.0,0.0,0.0,0.0,0.0,0.0000000000,0.0000000000,0.0,2.0,300,2021-09-02 20:21:13.657840
1.0,0.0,0.0,0.0,0.0,0.0000000000,0.0000000000,0.0,2.0,300,2021-09-02 20:21:13.709059
1.0,0.0,0.0,0.0,0.0,0.0000000000,0.0000000000,0.0,2.0,300,2021-09-02 20:21:13.757672
1.0,0.0,0.0,0.0,0.0,0.0000000000,0.0000000000,0.0,2.0,300,2021-09-02 20:21:13.790648
1.0,0.0,0.0,0.0,0.0,0.0000000000,0.0000000000,0.0,2.0,300,2021-09-02 20:21:13.826250
1.0,0.0,0.0,0.0,0.0,0.0000000000,0.0000000000,0.0,2.0,300,2021-09-02 20:21:13.859441
1.0,0.0,0.0,0.0,0.0,0.0000000000,0.0000000000,0.0,2.0,300,2021-09-02 20:21:13.890060
1.0,0.0,0.0,0.0,0.0,0.0000000000,0.0000000000,0.0,2.0,300,2021-09-02 20:21:13.921539
1.0,0.0,0.0,0.0,0.0,0.0000000000,0.0000000000,0.0,2.0,300,2021-09-02 20:21:13.959454
1.0,0.0,0.0,0.0,0.0,0.0000000000,0.0000000000,0.0,2.0,300,2021-09-02 20:21:14.004199
1.0,0.0,0.0,0.0,0.0,0.0000000000,0.0000000000,0.0,2.0,300,2021-09-02 20:21:14.042158
1.0,0.0,0.0,0.0,0.0,0.0000000000,0.0000000000,0.0,2.0,300,2021-09-02 20:21:14.122849
1.0,0.0,0.0,0.0,0.0,0.0000000000,0.0000000000,0.0,2.0,300,2021-09-02 20:21:14.162834
1.0,0.0,0.0,0.0,0.0,0.0000000000,0.0000000000,0.0,2.0,300,2021-09-02 20:21:14.202201
1.0,0.0,0.0,0.0,0.0,0.0000000000,0.0000000000,0.0,2.0,300,2021-09-02 20:21:14.242057
1.0,0.0,0.0,0.0,0.0,0.0000000000,0.0000000000,0.0,2.0,300,2021-09-02 20:21:14.279824
1.0,0.0,0.0,0.0,0.0,0.0000000000,0.0000000000,0.0,2.0,300,2021-09-02 20:21:14.317407
1.0,0.0,0.0,0.0,0.0,0.0000000000,0.0000000000,0.0,2.0,300,2021-09-02 20:21:14.358455
1.0,0.0,0.0,0.0,0.0,0.0000000000,0.0000000000,0.0,2.0,300,2021-09-02 20:21:14.400675
1.0,0.0,0.0,0.0,0.0,0.0000000000,0.0000000000,0.0,2.0,300,2021-09-02 20:21:14.441820
1.0,0.0,0.0,0.0,0.0,0.0000000000,0.0000000000,0.0,2.0,300,2021-09-02 20:21:14.476911
1.0,0.0,0.0,0.0,0.0,0.0000000000,0.0000000000,0.0,2.0,300,2021-09-02 20:21:14.508309
1.0,0.0,0.0,0.0,0.0,0.0000000000,0.0000000000,0.0,2.0,300,2021-09-02 20:21:14.539667
1.0,0.0,0.0,0.0,0.0,0.0000000000,0.0000000000,0.0,2.0,300,2021-09-02 20:21:14.577174
1.0,0.0,0.0,0.0,0.0,0.0000000000,0.0000000000,0.0,2.0,300,2021-09-02 20:21:14.615907
1.0,0.0,0.0,0.0,0.0,0.0000000000,0.0000000000,0.0,2.0,300,2021-09-02 20:21:14.718978
1.0,0.0,0.0,0.0,0.0,0.0000000000,0.0000000000,0.0,2.0,300,2021-09-02 20:21:14.759987
1.0,0.0,0.0,0.0,0.0,0.0000000000,0.0000000000,0.0,2.0,300,2021-09-02 20:21:14.798058
1.0,0.0,0.0,0.0,0.0,0.0000000000,0.0000000000,0.0,2.0,300,2021-09-02 20:21:14.838715
1.0,0.0,0.0,0.0,0.0,0.0000000000,0.0000000000,0.0,2.0,300,2021-09-02 20:21:14.872523
1.0,0.0,0.0,0.0,0.0,0.0000000000,0.0000000000,0.0,2.0,300,2021-09-02 20:21:14.908706
1.0,0.0,0.0,0.0,0.0,0.0000000000,0.0000000000,0.0,2.0,300,2021-09-02 20:21:14.939756
1.0,0.0,0.0,0.0,0.0,0.0000000000,0.0000000000,0.0,2.0,300,2021-09-02 20:21:14.975958
1.0,0.0,0.0,0.0,0.0,0.0000000000,0.0000000000,0.0,2.0,300,2021-09-02 20:21:15.006990
1.0,0.0,0.0,0.0,0.0,0.0000000000,0.0000000000,0.0,2.0,300,2021-09-02 20:21:15.037508
1.0,0.0,0.0,0.0,0.0,0.0000000000,0.0000000000,0.0,2.0,300,2021-09-02 20:21:15.068124
1.0,0.0,0.0,0.0,0.0,0.0000000000,0.0000000000,0.0,2.0,300,2021-09-02 20:21:15.098989
1.0,0.0,0.0,0.0,0.0,0.0000000000,0.0000000000,0.0,2.0,300,2021-09-02 20:21:15.141918
1.0,0.0,0.0,0.0,0.0,0.0000000000,0.0000000000,0.0,2.0,300,2021-09-02 20:21:15.210921
1.0,0.0,0.0,0.0,0.0,0.0000000000,0.0000000000,0.0,2.0,300,2021-09-02 20:21:15.255298
1.0,0.0,0.0,0.0,0.0,0.0000000000,0.0000000000,0.0,2.0,300,2021-09-02 20:21:15.298201
1.0,0.0,0.0,0.0,0.0,0.0000000000,0.0000000000,0.0,2.0,300,2021-09-02 20:21:15.346698
1.0,0.0,0.0,0.0,0.0,0.0000000000,0.0000000000,0.0,2.0,300,2021-09-02 20:21:15.378061
1.0,0.0,0.0,0.0,0.0,0.0000000000,0.0000000000,0.0,2.0,300,2021-09-02 20:21:15.408450
1.0,0.0,0.0,0.0,0.0,0.0000000000,0.0000000000,0.0,2.0,300,2021-09-02 20:21:15.448154
1.0,0.0,0.0,0.0,0.0,0.0000000000,0.0000000000,0.0,2.0,300,2021-09-02 20:21:15.484793
1.0,0.0,0.0,0.0,0.0,0.0000000000,0.0000000000,0.0,2.0,300,2021-09-02 20:21:15.530282
1.0,0.0,0.0,0.0,0.0,0.0000000000,0.0000000000,0.0,2.0,300,2021-09-02 20:21:15.564206
1.0,0.0,0.0,0.0,0.0,0.0000000000,0.0000000000,0.0,2.0,300,2021-09-02 20:21:15.594909
1.0,0.0,0.0,0.0,0.0,0.0000000000,0.0000000000,0.0,2.0,300,2021-09-02 20:21:15.625214
1.0,0.0,0.0,0.0,0.0,0.0000000000,0.0000000000,0.0,2.0,300,2021-09-02 20:21:15.659117
1.0,0.0,0.0,0.0,0.0,0.0000000000,0.0000000000,0.0,2.0,300,2021-09-02 20:21:15.719734
1.0,0.0,0.0,0.0,0.0,0.0000000000,0.0000000000,0.0,2.0,300,2021-09-02 20:21:15.754312
1.0,0.0,0.0,0.0,0.0,0.0000000000,0.0000000000,0.0,2.0,300,2021-09-02 20:21:15.788535
1.0,0.0,0.0,0.0,0.0,0.0000000000,0.0000000000,0.0,2.0,300,2021-09-02 20:21:15.829305
1.0,0.0,0.0,0.0,0.0,0.0000000000,0.0000000000,0.0,2.0,300,2021-09-02 20:21:15.860133
1.0,0.0,0.0,0.0,0.0,0.0000000000,0.0000000000,0.0,2.0,300,2021-09-02 20:21:15.890290
1.0,0.0,0.0,0.0,0.0,0.0000000000,0.0000000000,0.0,2.0,300,2021-09-02 20:21:15.923234
1.0,0.0,0.0,0.0,0.0,0.0000000000,0.0000000000,0.0,2.0,300,2021-09-02 20:21:15.954331
1.0,0.0,0.0,0.0,0.0,0.0000000000,0.0000000000,0.0,2.0,300,2021-09-02 20:21:15.985184
1.0,0.0,0.0,0.0,0.0,0.0000000000,0.0000000000,0.0,2.0,300,2021-09-02 20:21:16.016247
1.0,0.0,0.0,0.0,0.0,0.0000000000,0.0000000000,0.0,2.0,300,2021-09-02 20:21:16.047910
1.0,0.0,0.0,0.0,0.0,0.0000000000,0.0000000000,0.0,2.0,300,2021-09-02 20:21:16.081188
1.0,0.0,0.0,0.0,0.0,0.0000000000,0.0000000000,0.0,2.0,300,2021-09-02 20:21:16.118256
1.0,0.0,0.0,0.0,0.0,0.0000000000,0.0000000000,0.0,2.0,300,2021-09-02 20:21:16.210093
1.0,0.0,0.0,0.0,0.0,0.0000000000,0.0000000000,0.0,2.0,300,2021-09-02 20:21:16.258986
1.0,0.0,0.0,0.0,0.0,0.0000000000,0.0000000000,0.0,2.0,300,2021-09-02 20:21:16.306827
1.0,0.0,0.0,0.0,0.0,0.0000000000,0.0000000000,0.0,2.0,300,2021-09-02 20:21:16.351846
1.0,0.0,0.0,0.0,0.0,0.0000000000,0.0000000000,0.0,2.0,300,2021-09-02 20:21:16.397751
1.0,0.0,0.0,0.0,0.0,0.0000000000,0.0000000000,0.0,2.0,300,2021-09-02 20:21:16.440363
1.0,0.0,0.0,0.0,0.0,0.0000000000,0.0000000000,0.0,2.0,300,2021-09-02 20:21:16.490135
1.0,0.0,0.0,0.0,0.0,0.0000000000,0.0000000000,0.0,2.0,300,2021-09-02 20:21:16.534105
1.0,0.0,0.0,0.0,0.0,0.0000000000,0.0000000000,0.0,2.0,300,2021-09-02 20:21:16.578885
1.0,0.0,0.0,0.0,0.0,0.0000000000,0.0000000000,0.0,2.0,300,2021-09-02 20:21:16.618435
1.0,0.0,0.0,0.0,0.0,0.0000000000,0.0000000000,0.0,2.0,300,2021-09-02 20:21:16.668041
1.0,0.0,0.0,0.0,0.0,0.0000000000,0.0000000000,0.0,2.0,300,2021-09-02 20:21:16.711558
1.0,0.0,0.0,0.0,0.0,0.0000000000,0.0000000000,0.0,2.0,300,2021-09-02 20:21:16.753102
1.0,0.0,0.0,0.0,0.0,0.0000000000,0.0000000000,0.0,2.0,300,2021-09-02 20:21:16.800127
1.0,0.0,0.0,0.0,0.0,0.0000000000,0.0000000000,0.0,2.0,300,2021-09-02 20:21:16.849471
1.0,0.0,0.0,0.0,0.0,0.0000000000,0.0000000000,0.0,2.0,300,2021-09-02 20:21:16.899423
1.0,0.0,0.0,0.0,0.0,0.0000000000,0.0000000000,0.0,2.0,300,2021-09-02 20:21:16.935964
1.0,0.0,0.0,0.0,0.0,0.0000000000,0.0000000000,0.0,2.0,300,2021-09-02 20:21:16.973125
1.0,0.0,0.0,0.0,0.0,0.0000000000,0.0000000000,0.0,2.0,300,2021-09-02 20:21:17.002969
1.0,0.0,0.0,0.0,0.0,0.0000000000,0.0000000000,0.0,2.0,300,2021-09-02 20:21:17.044903
1.0,0.0,0.0,0.0,0.0,0.0000000000,0.0000000000,0.0,2.0,300,2021-09-02 20:21:17.078105
1.0,0.0,0.0,0.0,0.0,0.0000000000,0.0000000000,0.0,2.0,300,2021-09-02 20:21:17.110672
1.0,0.0,0.0,0.0,0.0,0.0000000000,0.0000000000,0.0,2.0,300,2021-09-02 20:21:17.147642
1.0,0.0,0.0,0.0,0.0,0.0000000000,0.0000000000,0.0,2.0,300,2021-09-02 20:21:17.177278
1.0,0.0,0.0,0.0,0.0,0.0000000000,0.0000000000,0.0,2.0,300,2021-09-02 20:21:17.207391
1.0,0.0,0.0,0.0,0.0,0.0000000000,0.0000000000,0.0,2.0,300,2021-09-02 20:21:17.237496
1.0,0.0,0.0,0.0,0.0,0.0000000000,0.0000000000,0.0,2.0,300,2021-09-02 20:21:17.274911
1.0,0.0,0.0,0.0,0.0,0.0000000000,0.0000000000,0.0,2.0,300,2021-09-02 20:21:17.331616
1.0,0.0,0.0,0.0,0.0,0.0000000000,0.0000000000,0.0,2.0,300,2021-09-02 20:21:17.373796
1.0,0.0,0.0,0.0,0.0,0.0000000000,0.0000000000,0.0,2.0,300,2021-09-02 20:21:17.423372
1.0,0.0,0.0,0.0,0.0,0.0000000000,0.0000000000,0.0,2.0,300,2021-09-02 20:21:17.457698
1.0,0.0,0.0,0.0,0.0,0.0000000000,0.0000000000,0.0,2.0,300,2021-09-02 20:21:17.500225
1.0,0.0,0.0,0.0,0.0,0.0000000000,0.0000000000,0.0,2.0,300,2021-09-02 20:21:17.543100
1.0,0.0,0.0,0.0,0.0,0.0000000000,0.0000000000,0.0,2.0,300,2021-09-02 20:21:17.593410
1.0,0.0,0.0,0.0,0.0,0.0000000000,0.0000000000,0.0,2.0,300,2021-09-02 20:21:17.633357
1.0,0.0,0.0,0.0,0.0,0.0000000000,0.0000000000,0.0,2.0,300,2021-09-02 20:21:17.675993
1.0,0.0,0.0,0.0,0.0,0.0000000000,0.0000000000,0.0,2.0,300,2021-09-02 20:21:17.722353
1.0,0.0,0.0,0.0,0.0,0.0000000000,0.0000000000,0.0,2.0,300,2021-09-02 20:21:17.755948
1.0,0.0,0.0,0.0,0.0,0.0000000000,0.0000000000,0.0,2.0,300,2021-09-02 20:21:17.786898
1.0,0.0,0.0,0.0,0.0,0.0000000000,0.0000000000,0.0,2.0,300,2021-09-02 20:21:17.968540
1.0,0.0,0.0,0.0,0.0,0.0000000000,0.0000000000,0.0,2.0,300,2021-09-02 20:21:18.009754
1.0,0.0,0.0,0.0,0.0,0.0000000000,0.0000000000,0.0,2.0,300,2021-09-02 20:21:18.045065
1.0,0.0,0.0,0.0,0.0,0.0000000000,0.0000000000,0.0,2.0,300,2021-09-02 20:21:18.076155
1.0,0.0,0.0,0.0,0.0,0.0000000000,0.0000000000,0.0,2.0,300,2021-09-02 20:21:18.106921
1.0,0.0,0.0,0.0,0.0,0.0000000000,0.0000000000,0.0,2.0,300,2021-09-02 20:21:18.143064
1.0,0.0,0.0,0.0,0.0,0.0000000000,0.0000000000,0.0,2.0,300,2021-09-02 20:21:18.175754
1.0,0.0,0.0,0.0,0.0,0.0000000000,0.0000000000,0.0,2.0,300,2021-09-02 20:21:18.211400
1.0,0.0,0.0,0.0,0.0,0.0000000000,0.0000000000,0.0,2.0,300,2021-09-02 20:21:18.248859
1.0,0.0,0.0,0.0,0.0,0.0000000000,0.0000000000,0.0,2.0,300,2021-09-02 20:21:18.294843
1.0,0.0,0.0,0.0,0.0,0.0000000000,0.0000000000,0.0,2.0,300,2021-09-02 20:21:18.336460
1.0,0.0,0.0,0.0,0.0,0.0000000000,0.0000000000,0.0,2.0,300,2021-09-02 20:21:18.378078
1.0,0.0,0.0,0.0,0.0,0.0000000000,0.0000000000,0.0,2.0,300,2021-09-02 20:21:18.415754
1.0,0.0,0.0,0.0,0.0,0.0000000000,0.0000000000,0.0,2.0,300,2021-09-02 20:21:18.507814
1.0,0.0,0.0,0.0,0.0,0.0000000000,0.0000000000,0.0,2.0,300,2021-09-02 20:21:18.551474
1.0,0.0,0.0,0.0,0.0,0.0000000000,0.0000000000,0.0,2.0,300,2021-09-02 20:21:18.586000
1.0,0.0,0.0,0.0,0.0,0.0000000000,0.0000000000,0.0,2.0,300,2021-09-02 20:21:18.628077
1.0,0.0,0.0,0.0,0.0,0.0000000000,0.0000000000,0.0,2.0,300,2021-09-02 20:21:18.672010
1.0,0.0,0.0,0.0,0.0,0.0000000000,0.0000000000,0.0,2.0,300,2021-09-02 20:21:18.716051
1.0,0.0,0.0,0.0,0.0,0.0000000000,0.0000000000,0.0,2.0,300,2021-09-02 20:21:18.759207
1.0,0.0,0.0,0.0,0.0,0.0000000000,0.0000000000,0.0,2.0,300,2021-09-02 20:21:18.803436
1.0,0.0,0.0,0.0,0.0,0.0000000000,0.0000000000,0.0,2.0,300,2021-09-02 20:21:18.847545
1.0,0.0,0.0,0.0,0.0,0.0000000000,0.0000000000,0.0,2.0,300,2021-09-02 20:21:18.896229
1.0,0.0,0.0,0.0,0.0,0.0000000000,0.0000000000,0.0,2.0,300,2021-09-02 20:21:18.933424
1.0,0.0,0.0,0.0,0.0,0.0000000000,0.0000000000,0.0,2.0,300,2021-09-02 20:21:18.969419
1.0,0.0,0.0,0.0,0.0,0.0000000000,0.0000000000,0.0,2.0,300,2021-09-02 20:21:19.015640
1.0,0.0,0.0,0.0,0.0,0.0000000000,0.0000000000,0.0,2.0,300,2021-09-02 20:21:19.061034
1.0,0.0,0.0,0.0,0.0,0.0000000000,0.0000000000,0.0,2.0,300,2021-09-02 20:21:19.102364
1.0,0.0,0.0,0.0,0.0,0.0000000000,0.0000000000,0.0,2.0,300,2021-09-02 20:21:19.149937
1.0,0.0,0.0,0.0,0.0,0.0000000000,0.0000000000,0.0,2.0,300,2021-09-02 20:21:19.193347
1.0,0.0,0.0,0.0,0.0,0.0000000000,0.0000000000,0.0,2.0,300,2021-09-02 20:21:19.231539
1.0,0.0,0.0,0.0,0.0,0.0000000000,0.0000000000,0.0,2.0,300,2021-09-02 20:21:19.268311
1.0,0.0,0.0,0.0,0.0,0.0000000000,0.0000000000,0.0,2.0,300,2021-09-02 20:21:19.309276
1.0,0.0,0.0,0.0,0.0,0.0000000000,0.0000000000,0.0,2.0,300,2021-09-02 20:21:19.346833
1.0,0.0,0.0,0.0,0.0,0.0000000000,0.0000000000,0.0,2.0,300,2021-09-02 20:21:19.381856
1.0,0.0,0.0,0.0,0.0,0.0000000000,0.0000000000,0.0,2.0,300,2021-09-02 20:21:19.418298
1.0,0.0,0.0,0.0,0.0,0.0000000000,0.0000000000,0.0,2.0,300,2021-09-02 20:21:19.468457
1.0,0.0,0.0,0.0,0.0,0.0000000000,0.0000000000,0.0,2.0,300,2021-09-02 20:21:19.512424
1.0,0.0,0.0,0.0,0.0,0.0000000000,0.0000000000,0.0,2.0,300,2021-09-02 20:21:19.552208
1.0,0.0,0.0,0.0,0.0,0.0000000000,0.0000000000,0.0,2.0,300,2021-09-02 20:21:19.589712
1.0,0.0,0.0,0.0,0.0,0.0000000000,0.0000000000,0.0,2.0,300,2021-09-02 20:21:19.626648
1.0,0.0,0.0,0.0,0.0,0.0000000000,0.0000000000,0.0,2.0,300,2021-09-02 20:21:19.666184
1.0,0.0,0.0,0.0,0.0,0.0000000000,0.0000000000,0.0,2.0,300,2021-09-02 20:21:19.706433
1.0,0.0,0.0,0.0,0.0,0.0000000000,0.0000000000,0.0,2.0,300,2021-09-02 20:21:19.747664
1.0,0.0,0.0,0.0,0.0,0.0000000000,0.0000000000,0.0,2.0,300,2021-09-02 20:21:19.789348
