,carga,cpu_throttled_seconds,cpu_usage_seconds,dropped_packets,file_descriptors,memory_usage_bytes,memory_working_bytes,pods,receive_packets,transmit_packets
0,1000.0,0.2861040943671378,0.22047454223832375,0.0,0.00755185795248332,0.10000000000000002,0.0075221382655990075,1.0,0.14719792797774411,0.1930103312820427
1,2000.0,0.40769503388409056,0.2985478782122245,0.0,0.01330475047161722,0.09999999999999996,0.0037785653719878297,1.0,0.3007339657508932,0.3772990719367483
2,3000.0,0.40375381485323,0.28591701001175257,0.034506237223079814,0.010478477105127766,0.04999999999999998,0.0023766401348290314,1.0,0.2933238388567204,0.3680893810880882
3,4000.0,0.48306105511788733,0.31008090026236623,0.026995728067946374,0.018552875695732843,0.04999999999999994,0.020943747688080386,1.0,0.3517331750422795,0.415153381821628
4,5000.0,0.44318610501425065,0.28616119073595003,0.07154048338077712,0.010676358455470096,0.04999999999999995,0.017406425482059455,1.0,0.3681529174287582,0.42655594961808446
5,6000.0,0.4487745779643059,0.28948374695433754,0.11645785716460338,0.020114995805271922,0.04999999999999993,0.014867593861881247,1.0,0.34850467320838147,0.4185483485882193
6,7000.0,0.4889856117381148,0.3087888614653373,0.19938822494206532,0.01396402716930928,0.04999999999999994,0.01666090457933568,1.0,0.3954569720862686,0.4610834153334847
7,8000.0,0.4740557931318662,0.2987934802205908,0.15702434051943961,0.016603229778051936,0.04999999999999994,0.01613228962187948,1.0,0.3491912863917448,0.3955902320425867
8,9000.0,0.38290459073667643,0.24897179308317396,0.18712994480615897,0.008824033815206751,0.04999999999999992,0.02709927914580277,1.0,0.32594493763995686,0.3700430722967127
9,10000.0,0.2903481412876952,0.18705502764838766,0.15247956146254127,0.022681619231543534,0.04999999999999989,0.028699245107869906,1.0,0.20167391036525614,0.2224987278237384
10,11000.0,0.4819068082319881,0.30301174887403903,0.35718904775811616,0.02075728250483866,0.04999999999999997,0.013352211500954832,1.0,0.383729562294303,0.4351002428224263
11,12000.0,0.3490264735563592,0.23600434277790405,0.3071889312967947,0.02083000687959913,0.04999999999999991,0.03716263446285108,1.0,0.32570201039679747,0.3512371258913519
12,13000.0,0.45521686277207557,0.2919335548061991,0.4250548977875764,0.01979343045065109,0.04999999999999993,0.01868392281820125,1.0,0.3664687050478304,0.4367387044450189
13,14000.0,0.2891836988215011,0.2008955060442181,0.2718771249120759,0.029499769832745115,0.04999999999999989,0.031013126938860224,1.0,0.27799550002269446,0.2775674166156892
14,15000.0,0.13872184141903635,0.26739880207899563,0.3456298431057495,0.024262452233640708,0.04999999999999989,0.04050959330707165,1.0,0.32870318599036075,0.2745805253268344
15,16000.0,0.0,7.52527869392507e-05,0.0,0.0,0.050000000000000024,0.0009901721443446648,1.0,2.384481792494446e-06,3.275440290142868e-06
16,17000.0,0.1071924359821157,0.26042957867267025,0.39576227990139395,0.05502300299001588,0.04999999999999989,0.035043192667907175,1.0,0.3280566926097136,0.2649466510051885
17,18000.0,0.1275006045520354,0.2715417574712031,0.3273948738408964,0.05206812617003589,0.04999999999999989,0.043922075485826294,1.0,0.34294572134631857,0.24825482935733223
18,19000.0,0.0,7.927833352346714e-05,0.0,0.0,0.050000000000000024,0.0010624055361139638,1.0,4.927929037821855e-06,4.585616406200017e-06
19,20000.0,0.09280680630773054,0.25576675459913045,0.3668891031032046,0.04485929710229959,0.04999999999999989,0.037398810417723444,1.0,0.35309143253600306,0.25783875401270634
20,1000.0,0.09679928142703237,0.1090039866122782,0.0,0.01167534683046151,0.06052631578947369,0.02344287855339018,2.0,0.07794596136763,0.09947242655638262
21,2000.0,0.12248881970238555,0.07587676127373702,0.0,0.006557725130868671,0.10000000000000002,0.0037044954460834487,2.0,0.03109006963633057,0.0405068293605934
22,3000.0,0.1643160374851323,0.09813206268393211,6.675288914848345e-05,0.008626307665923514,0.10000000000000002,0.0032170810803499373,2.0,0.07593741530121967,0.0923700474523953
23,4000.0,0.2989786729783082,0.19022876810665337,0.002321547052038991,0.02221164963681325,0.10000000000000005,0.004982022234910075,2.0,0.29347184523123504,0.36243925968935287
24,5000.0,0.3706217702155587,0.22787415216317444,0.04389540791263985,0.025329025619464374,0.10000000000000005,0.013899245746808937,2.0,0.19487304621523127,0.23576029629196138
25,6000.0,0.055871778623950395,0.035596158077443416,0.006334571043152961,0.0029964366699060576,0.10000000000000003,0.0010704583605259934,2.0,0.06389881319042338,0.07790571647551076
26,7000.0,0.35044728328896807,0.21701969501203755,0.0665619859995929,0.025142524542284446,0.10000000000000005,0.016053227170958678,2.0,0.21883529143846991,0.25464929063458785
27,8000.0,0.2722532440719214,0.1867255470100711,0.10364950561141471,0.007671818727490996,0.10000000000000005,0.007671629642848664,2.0,0.18424171491930516,0.2214469088250624
28,9000.0,0.3239938070517349,0.20721790302872273,0.12407827852912161,0.03905709749337523,0.10000000000000005,0.01485646097216874,2.0,0.07665520790694162,0.09027593837542965
29,10000.0,0.35841935534895353,0.22517919358857733,0.15768406741060145,0.022110524882221795,0.10000000000000005,0.010548992029915397,2.0,0.31941821449535823,0.35737622538235275
30,11000.0,0.32079855234679655,0.19397691070311524,0.08597954649755934,0.03090432601612073,0.10000000000000005,0.016517702602413323,2.0,0.25543442774424047,0.2995411299220861
31,12000.0,0.31270351501833105,0.19986031843048133,0.16785652055473615,0.012887507944354212,0.10000000000000005,0.010424278144665369,2.0,0.3706834602758191,0.4147491457812284
32,13000.0,0.35448335382463736,0.23428525849504325,0.2000013906851906,0.04267183063701671,0.10000000000000005,0.014239374226724376,2.0,0.3309791521224317,0.3499207998537843
33,14000.0,0.4413386992145382,0.2843880959914913,0.308438463784953,0.04220644301676713,0.09999999999999995,0.023092393255020903,2.0,0.4667674680869211,0.5155705612900301
34,15000.0,0.0,0.00013996055706005716,0.0,0.0,0.10000000000000005,0.0024728387468376783,2.0,3.4166974662231536e-05,3.81334037334633e-05
35,16000.0,0.16103592909526174,0.32790499326747546,0.3015410428011997,0.09898160945050292,0.0999999999999998,0.08303778086709361,2.0,0.38348979508028397,0.3045012016734101
36,17000.0,0.1263067446374893,0.32514147857984305,0.3494215742953694,0.10131457830945785,0.09999999999999981,0.07050508985699641,2.0,0.3650301584228617,0.2940861127869208
37,18000.0,0.10246737374563963,0.26012520553996415,0.31508176875356697,0.11516107653715241,0.09999999999999978,0.09832303772894921,2.0,0.31934270614299776,0.2506725931582683
38,19000.0,0.09874498182074411,0.29403235079547074,0.3604519699331114,0.12804980549504105,0.0999999999999998,0.0795371642025878,2.0,0.40630813949942485,0.3022682929918828
39,20000.0,0.10875149320606652,0.2892069202378576,0.3522049313696854,0.12397407942768948,0.09999999999999981,0.09516647321227398,2.0,0.38252677047164807,0.29181682759276173
40,1000.0,0.12268420252084217,0.08798530851172823,0.0,0.015135924499669998,0.11060606060606061,0.015580366146204784,3.0,0.09335991428390097,0.12396125449257242
41,2000.0,0.040838663171748196,0.16660781895751905,0.0,0.015509775338706913,0.14999999999999994,0.0058941639845910354,3.0,0.09689417272391276,0.11395146678219507
42,3000.0,0.04852531024752354,0.15537618153280325,0.0,0.03970939024960633,0.14999999999999994,0.0129770968228958,3.0,0.09712925733869432,0.10881312396269038
43,4000.0,0.18407417992296438,0.39833631844271905,0.001340695695904507,0.07380635651944174,0.15000000000000008,0.04490583494141336,3.0,0.3165740238205435,0.349427239691037
44,5000.0,0.17311318175049178,0.3538660799926252,0.011321766805933855,0.05059901511625058,0.15000000000000005,0.031060226995491214,3.0,0.3392794663756842,0.35789666073229676
45,6000.0,0.04063152702769216,0.0699271189233577,0.0,0.016624506945635397,0.14999999999999997,0.0037436857433360603,3.0,0.012370949858322041,0.012623369458528232
46,7000.0,0.009185496865154663,0.022501598500931377,0.00909508114648087,0.012199165380437887,0.14999999999999997,0.005112971853564058,3.0,0.04666584534516036,0.04661300913170917
47,8000.0,0.18417750731736318,0.31981558515855424,0.04079638219568964,0.11128867131268091,0.15000000000000002,0.0731721504488045,3.0,0.38943317616226325,0.38498532612675584
48,9000.0,0.2161337636905356,0.3349592767388365,0.0984706255681265,0.07071919676961692,0.15000000000000002,0.05584958182639994,3.0,0.27739148289597965,0.2778054359484971
49,10000.0,0.13279838905459235,0.320243073558097,0.14344159185412472,0.07434142488164096,0.15000000000000002,0.02755665139788196,3.0,0.34920469945232785,0.3384939582452562
50,11000.0,0.19065431320892406,0.3248641205313449,0.044184597023680834,0.06376316760470421,0.15000000000000002,0.034856655276295466,3.0,0.4027814426138931,0.39248769895164926
51,12000.0,0.23724798131559044,0.3333721226530219,0.10705494597188034,0.07368215143200135,0.15000000000000002,0.040228705153335834,3.0,0.4242315510656647,0.4001555656718135
52,13000.0,0.1612690652595752,0.2936358644590911,0.1789316408694564,0.05079531812725091,0.15000000000000002,0.02647315260944354,3.0,0.35125600591351486,0.329431569719821
53,14000.0,0.22455742772178197,0.3340319113667275,0.2593258479702949,0.09405547933459096,0.15000000000000002,0.03577577427241785,3.0,0.39381021313293085,0.3770616576522911
54,15000.0,0.13287622358042106,0.3644545108014021,0.373606312193654,0.1517438144088804,0.1500000000000002,0.08858024817258713,3.0,0.454052138982532,0.37610243793270587
55,16000.0,0.14844555245492624,0.3612672644198637,0.23531927974016223,0.19867454370910917,0.15000000000000024,0.15367998822386003,3.0,0.4353290029864948,0.34172462733954184
56,17000.0,0.14556559069494085,0.3442290522033047,0.27159110197703995,0.2013576467769104,0.15000000000000022,0.12572312306730554,3.0,0.4444194747705223,0.3460462194657287
57,18000.0,0.0905247923190325,0.30887868196004303,0.26989357953693466,0.18694295256999544,0.15000000000000024,0.12128851390401246,3.0,0.3934050159974728,0.303357135824598
58,19000.0,0.10047657076934449,0.3055827760779376,0.27934081521965903,0.1575373006345395,0.15000000000000024,0.11863690739997507,3.0,0.4116857952445484,0.30637270099575553
59,20000.0,0.08308279520907934,0.2897791433106736,0.28933322363816494,0.1213775229718055,0.15000000000000024,0.11404436914510382,3.0,0.3865692287675918,0.2929065479396226
60,1000.0,0.0010171040660783182,0.11798399548027406,0.0,0.006938069345385213,0.1698529411764706,0.03030821925208104,4.0,0.0542011319742878,0.06701690200405436
61,2000.0,0.0007961460505142096,0.17427391853419633,0.0,0.01795873628954688,0.20000000000000007,0.006059139485754188,4.0,0.09189580643951771,0.10484409991285334
62,3000.0,0.025354519315842053,0.20348905194607825,0.0,0.02948971796510812,0.20000000000000007,0.011870730394325917,4.0,0.07356098872176241,0.08191984354432653
63,4000.0,0.007728792085374374,0.1008208964630511,0.0,0.031130819674808703,0.20000000000000004,0.010253421185832511,4.0,0.07959309385944843,0.08740446905440442
64,5000.0,0.08306251984205909,0.45247436906494454,0.0028851368915618577,0.10741659301083072,0.20000000000000012,0.04152377574276587,4.0,0.34528684653607655,0.38041619737585947
65,6000.0,0.005530592533934338,0.04233904468491744,0.006564034099600874,0.024419291526134264,0.20000000000000007,0.03052578922867379,4.0,0.039590160568354474,0.04114195629626119
66,7000.0,0.08257311850152631,0.34777018078586175,0.02430877979294684,0.12499203763137907,0.2000000000000001,0.042810161828778774,4.0,0.3133513789401432,0.31131614396826585
67,8000.0,0.13651006414735195,0.3498279983386029,0.0520292142056038,0.09154670271469932,0.2000000000000001,0.03840153443320036,4.0,0.36011334236786985,0.3566341968631327
68,9000.0,0.021212652387592536,0.10364904282456588,0.002665207265266655,0.07464162135442412,0.20000000000000004,0.033538319529960725,4.0,0.08307386820688605,0.08246769975937329
69,10000.0,0.06636898120798394,0.32697840924591587,0.10475663418189674,0.11665086202548247,0.2000000000000001,0.042609223456227543,4.0,0.33387125060693235,0.33132777910286815
70,11000.0,0.07281351009554375,0.3199004869922411,0.08561188410029621,0.13684938261018692,0.2000000000000001,0.05729896648813097,4.0,0.3878683626955772,0.37671558009030165
71,12000.0,0.1317849177867041,0.32232433036651814,0.11663297415727635,0.14087193318885996,0.2000000000000001,0.07309295600874327,4.0,0.42441579774584576,0.4052415686511011
72,13000.0,0.14627965574692922,0.3544904213016533,0.15024962799171154,0.08562905681753219,0.2000000000000001,0.060904414725163405,4.0,0.42205875435393725,0.40444813128885776
73,14000.0,0.14009102538049048,0.31519899078259545,0.09542718167829524,0.12947027550516002,0.2000000000000001,0.050778777595221244,4.0,0.3419756647268985,0.32376076060810105
74,15000.0,0.12060910642833046,0.38193117980442876,0.2311184204328441,0.20891536338037522,0.19999999999999982,0.09831500416043813,4.0,0.4617910637570689,0.3918593735567591
75,16000.0,0.13327055346937947,0.3509543445314963,0.20811651831892047,0.21307242108666127,0.19999999999999965,0.15435754531871262,4.0,0.44935167995649833,0.3512961817032956
76,17000.0,0.1267857861773752,0.3458894513755939,0.11870933647717909,0.2042485196843714,0.19999999999999962,0.1613359946435547,4.0,0.41993490364706504,0.330392133527909
77,18000.0,0.063159658833874,0.30931190523613233,0.16964305638969707,0.17924246110404296,0.19999999999999965,0.12353975054783674,4.0,0.4180153052307674,0.3261323802658613
78,19000.0,0.09961511573846328,0.31933217364088967,0.2124066502565812,0.18583754930543642,0.19999999999999968,0.11408626945284435,4.0,0.42352038930639396,0.3134453248221382
79,20000.0,0.0978002702716151,0.30955746557993397,0.28662758023230994,0.2528332341339897,0.19999999999999968,0.15085835194301572,4.0,0.38840939495177146,0.2992743769409313
80,1000.0,0.0004923714213401748,0.24726208329071564,0.0,0.01022123134968273,0.20699999999999996,0.0020423315353129603,5.0,0.10242207712208944,0.1189615980829503
81,2000.0,0.0,0.18646894709091202,0.0,0.024508504700581534,0.25,0.004309774096679738,5.0,0.11851400539832226,0.13447932519260034
82,3000.0,0.00341678689607072,0.20360582253377357,0.0,0.03624047021405965,0.25,0.009253001401096814,5.0,0.1178868144298722,0.13332886153020593
83,4000.0,0.02169440036615435,0.15631855674645664,0.0,0.06664706699006133,0.25,0.018204883016346225,5.0,0.06856180737664044,0.07593575923671303
84,5000.0,0.0026276241460786317,0.1454884934130808,0.0,0.04992126720818198,0.25,0.00849253643065694,5.0,0.1239168075979706,0.13685717573632442
85,6000.0,0.003413906962344201,0.09014483595631453,0.0,0.03807713561615122,0.25,0.010978446319213738,5.0,0.03934376411646339,0.0416902650008311
86,7000.0,0.004963761635431861,0.080152628330715,0.010364264367790851,0.03070250656653639,0.25,0.015377156661235361,5.0,0.09420306958106121,0.09573705123925247
87,8000.0,0.0014627318936572759,0.05483835907369618,0.0,0.04366984889193772,0.25,0.012685822796480868,5.0,0.03990363160992704,0.04096369955691542
88,9000.0,0.07093801966156472,0.33338075540118073,0.01647961950853185,0.12130484847000027,0.25,0.040427666507212655,5.0,0.41512043506573504,0.4234730279502054
89,10000.0,0.05069457860881983,0.31344769750930424,0.027000562000427022,0.13118524720812696,0.25,0.05693049573439096,5.0,0.32826616614367815,0.32447591124964603
90,11000.0,0.0986563234805074,0.32496416878689555,0.05553363570802763,0.12168214224465299,0.25,0.06231689823903425,5.0,0.39720403386191244,0.3867690305186497
91,12000.0,0.05183915135773002,0.2931208037787496,0.0938225763833841,0.12905162064825929,0.25,0.05473339827075655,5.0,0.3544648405951843,0.3396674646852339
92,13000.0,0.09210198092041341,0.32421204174091817,0.10999803317380188,0.14804615723840556,0.25,0.04410463760058436,5.0,0.3265818828208874,0.3176361028886295
93,14000.0,0.11502673673721579,0.30650419865091605,0.12292179481830692,0.15356231778425655,0.25,0.0700907623770441,5.0,0.39722911790070226,0.36774421737393975
94,15000.0,0.09817084448100799,0.35622483907908875,0.14342807735854213,0.23837958828851738,0.25,0.10056108124987634,5.0,0.4631295747961919,0.3886831791074076
95,16000.0,0.138018041324314,0.3766132758402239,0.15652421100418548,0.20157602992770965,0.25,0.11436690124957223,5.0,0.4475788207632861,0.36767993824614414
96,17000.0,0.11815127729847698,0.3619917374057975,0.19872941943950329,0.21708579535710384,0.25,0.10804645907025542,5.0,0.47407008859072436,0.38770213114239593
97,18000.0,0.06549820244340279,0.34946671527377965,0.24730731740619516,0.20063453953009774,0.25,0.08467553542921895,5.0,0.45665407058138363,0.3755504779393439
98,19000.0,0.10271511291000175,0.32429671926409515,0.1983806197432878,0.2998244073748902,0.25,0.1387026253397182,5.0,0.4750587581986581,0.3608378464147612
99,20000.0,0.13778854287284723,0.34329264560201744,0.2217063268124837,0.2669116518787966,0.25,0.15430300841514685,5.0,0.4450343982415075,0.3341521148719205
100,1000.0,0.0,0.2032836841328763,0.0,0.008550358919077834,0.2600000000000001,0.028941199129607523,6.0,0.09646956123831818,0.1102518255198537
101,2000.0,0.0,0.2175563829868302,0.0,0.01731406848453667,0.2999999999999999,0.003110604315410055,6.0,0.1323021641821691,0.15031048262448074
102,3000.0,0.0,0.16963249024509156,0.0,0.03441605213513978,0.2999999999999999,0.0065356263994633835,6.0,0.08396028089195516,0.09406080134301785
103,4000.0,0.007748771334225523,0.19294894151921035,0.0,0.06484308008917852,0.2999999999999999,0.010203883625760395,6.0,0.07334295922138721,0.08241228753037698
104,5000.0,0.006149347064871167,0.1715836172885523,0.0,0.07765313917774903,0.2999999999999999,0.013570761927252546,6.0,0.11720093630651719,0.1306460873466228
105,6000.0,0.0020656510997878815,0.12823831517469,0.0,0.05055268860791069,0.2999999999999999,0.008493677391129077,6.0,0.08128126154983367,0.0885137018714496
106,7000.0,0.0032750429541878213,0.1444394191896835,0.015680968870505352,0.0852626764991711,0.29999999999999993,0.018303380398485225,6.0,0.10721882938219024,0.11404885524037743
107,8000.0,0.00788499832156229,0.415029925402868,0.04413107671483073,0.13586625126240973,0.3000000000000001,0.06008548069701912,6.0,0.37794970774643066,0.39738917808600394
108,9000.0,0.01136563978898674,0.39183112296487294,0.057135142151204556,0.16977981668858017,0.3000000000000001,0.06544754494148987,6.0,0.35854543961233626,0.3708439666862975
109,10000.0,0.040369511491501454,0.3605790103811036,0.0884773785186818,0.1772325256633266,0.3000000000000001,0.10420877347236411,6.0,0.3252835847163801,0.32852104606083227
110,11000.0,0.01831346518529899,0.35520975191747645,0.10353015502166489,0.1779699634956023,0.3000000000000001,0.07113155325688672,6.0,0.33713764761787435,0.33697737815603873
111,12000.0,0.030715908889184084,0.3413420903146852,0.11654816042149681,0.20146997574540024,0.3000000000000001,0.0738101359532541,6.0,0.3564196483570636,0.3544333224703095
112,13000.0,0.03915466439756228,0.3036061676022795,0.08690913262964661,0.1533425870348139,0.30000000000000004,0.08196578121641086,6.0,0.361750954786251,0.3520097460179927
113,14000.0,0.04026059702925343,0.3212230692620071,0.16537551480185717,0.16104564274689462,0.3000000000000001,0.05597471924025246,6.0,0.30204093701050705,0.2945425393752375
114,15000.0,0.06387413764980372,0.38683326289529696,0.16762532107116346,0.2675808868021602,0.3000000000000003,0.10919342922987496,6.0,0.4436015722883023,0.4034982427427646
115,16000.0,0.0722020310321291,0.41083966009978334,0.21893391958963937,0.3057620142487987,0.3000000000000003,0.15305976986824868,6.0,0.43139708876327787,0.3854142082744704
116,17000.0,0.058243509091147325,0.3763135825399556,0.25059392191103974,0.30539236102604317,0.30000000000000043,0.14503049946159807,6.0,0.4164969464439713,0.356313238028835
117,18000.0,0.0961866251267273,0.35875199037437694,0.1559018563228713,0.25366047039933987,0.3000000000000004,0.12268171634338691,6.0,0.4622048911481183,0.3594577070924893
118,19000.0,0.07863105546768405,0.3450346606056738,0.17757775089119743,0.296353065035538,0.30000000000000043,0.165995279600273,6.0,0.44312512833148554,0.3462513058998468
119,20000.0,0.09161215189735865,0.3496562159668978,0.2162547857192253,0.29018730779983226,0.30000000000000043,0.17642541840663845,6.0,0.4226306702827315,0.3336347655722963
120,1000.0,1.581668563912328e-05,0.24673499183562927,0.0,0.015413308180415024,0.3395833333333332,0.006037988694333689,7.0,0.12717280604492628,0.15051891890672206
121,2000.0,0.0,0.22097918431461858,0.0,0.02204810495626822,0.34999999999999987,0.005016835460667435,7.0,0.10154552174448687,0.11524975123030996
122,3000.0,0.0,0.1836838737645394,0.0,0.025185074029611846,0.34999999999999987,0.004606377177854282,7.0,0.0891714919305162,0.10112234053355175
123,4000.0,0.0006970010943512819,0.21696275383397123,0.0,0.025199794203395645,0.34999999999999987,0.005747026503274906,7.0,0.11866118023900457,0.13270505730164422
124,5000.0,0.0004745261163066325,0.173883228797981,0.0,0.05092649304619806,0.34999999999999987,0.012179894607504658,7.0,0.08246466850877347,0.09266191465789371
125,6000.0,0.004577651236502689,0.15312360652008866,0.0,0.08419694408375594,0.34999999999999987,0.01196949055265901,7.0,0.10930662865121409,0.1213564145188019
126,7000.0,0.006882583548903566,0.11555063189192273,0.0,0.05494851001625141,0.34999999999999987,0.00816544286984293,7.0,0.06110725872214108,0.06578286137202245
127,8000.0,0.00034398740925149323,0.09523567228909202,0.009081174294574937,0.0517159244650241,0.34999999999999987,0.009569928020871286,7.0,0.059336372222906664,0.061913379258888214
128,9000.0,0.003205104035084755,0.3739015238436791,0.08457683767458891,0.1552192305493626,0.3499999999999998,0.0717592889923333,7.0,0.35674619796586043,0.36643248845655985
129,10000.0,0.012286987485744272,0.34097593519351616,0.09141089648203005,0.13284837744621658,0.3499999999999998,0.04821524956456435,7.0,0.31155749934978716,0.31912431564830923
130,11000.0,0.0055594103329065095,0.1651163478812672,0.0,0.0987823700908935,0.34999999999999987,0.024003725391535266,7.0,0.13871313853080516,0.13781286980837504
131,12000.0,0.02853954554209735,0.32132755080365605,0.06822979682089365,0.17110272680500768,0.3499999999999998,0.05760533185982197,7.0,0.3912453228673507,0.3945679723892237
132,13000.0,0.03738678246210664,0.3819932821340424,0.06875179459743345,0.1951234275222694,0.3499999999999998,0.07744754671438736,7.0,0.3811106682416715,0.3719868405910903
133,14000.0,0.0511396782740086,0.3188797630725079,0.09119860628058718,0.1649776793834417,0.3499999999999998,0.0663418169214854,7.0,0.40032270468638576,0.3963342701555756
134,15000.0,0.06426956408625652,0.38777994815908445,0.12342017040828275,0.38174301978856057,0.3500000000000002,0.1923999888434676,7.0,0.42736852563516625,0.3832764098204688
135,16000.0,0.1030572965519259,0.40263099869001895,0.16628422823925357,0.38504517453239795,0.35000000000000026,0.20422660890548155,7.0,0.4466509051158552,0.380658509835979
136,17000.0,0.10405753560566622,0.3824978621959099,0.1659232919444025,0.3923367149057424,0.35000000000000026,0.17607763615704833,7.0,0.45387007325556045,0.3799261735915157
137,18000.0,0.030206726373151534,0.3425206304710217,0.1102977190286312,0.5316153858803796,0.3500000000000004,0.22804250822239075,7.0,0.43412590858691624,0.35324628333771174
138,19000.0,0.05761138464624776,0.3235164615652572,0.1816621583700864,0.35765265010113634,0.3500000000000004,0.19526766883102684,7.0,0.4280611805765338,0.3388417045844747
139,20000.0,0.08855009770692772,0.3575776489817599,0.1576847872947001,0.3225255816612359,0.3500000000000004,0.18998186345288604,7.0,0.43856478994702486,0.33798569884539265
140,1000.0,0.0,0.23702284292320341,0.0,0.014536100154347453,0.368,0.018726746826902795,8.0,0.12502589626709376,0.14273545120390993
141,2000.0,0.0,0.23012584944624145,0.0,0.028397073114960262,0.40000000000000013,0.002860662397348099,8.0,0.10083672128454683,0.11415736459821156
142,3000.0,0.0,0.15702724860600195,0.0,0.029829323033561256,0.40000000000000013,0.008139456114763051,8.0,0.08034452651707903,0.09087238181121994
143,4000.0,0.0,0.19460929235110702,0.0,0.05582232893157263,0.40000000000000013,0.014603606345139025,8.0,0.10003121021723954,0.11280972108461329
144,5000.0,0.0,0.17443816262961032,0.0,0.05928442805693706,0.40000000000000013,0.01280671674693734,8.0,0.09125251529711305,0.10282734368124986
145,6000.0,0.002959025380300384,0.15618178531471968,0.0,0.0613102383810667,0.40000000000000013,0.011175506766463382,8.0,0.10536651472218801,0.11702052373019764
146,7000.0,0.005231164249053686,0.13702155699278146,0.0,0.06902352777845833,0.4000000000000001,0.01593904907442825,8.0,0.09820494318215152,0.10861992214080865
147,8000.0,0.0028698293127331336,0.12140737087815946,0.0,0.07067316722607411,0.4000000000000001,0.011304643813440889,8.0,0.036739588283262056,0.04072376749003229
148,9000.0,0.0015507766562513688,0.09428073101864308,0.0009416925433446772,0.06656540167087244,0.4000000000000001,0.012656979289088963,8.0,0.056418686237584836,0.05772552781562644
149,10000.0,0.00023836830001678106,0.10796392155513235,0.007921997285709727,0.08882544614484447,0.4000000000000001,0.02001533766845723,8.0,0.08745682626876056,0.08846803662877348
150,11000.0,0.0014552615607313162,0.11305638753607947,0.008893840818900883,0.08815963360133969,0.4000000000000001,0.015528246689549682,8.0,0.0598143330265456,0.0573952190825764
151,12000.0,0.007704020262030616,0.41107847475102305,0.1444377227993566,0.2425184359458069,0.4000000000000002,0.0955523004850343,8.0,0.4041557499349787,0.41281778776617223
152,13000.0,0.017825176615206315,0.34108386389346596,0.08955664956123885,0.20442700889879759,0.4000000000000002,0.0884751314500091,8.0,0.38635908176255596,0.3839935978001464
153,14000.0,0.015055942572524234,0.3598361473294846,0.09656535525053193,0.22703224146801576,0.4000000000000002,0.09134318157959889,8.0,0.3893999014414192,0.38092934940802964
154,15000.0,0.05631772352245869,0.3991716795505452,0.19380780634756684,0.3903408654102036,0.3999999999999997,0.19052107646400915,8.0,0.3803277922453089,0.35790623104174213
155,16000.0,0.028807127337509567,0.34842445636586383,0.14804035672513777,0.29831637088332863,0.3999999999999997,0.10087026778242125,8.0,0.43573275331042133,0.4059144045528529
156,17000.0,0.048605340455663615,0.38585470055663706,0.10796837329024737,0.43145959682574325,0.3999999999999995,0.20007260633208052,8.0,0.40761208238601365,0.3403397052425328
157,18000.0,0.04040463417903728,0.36255147217626094,0.12723318344165557,0.44530483000653664,0.3999999999999995,0.21232168300156454,8.0,0.4224280763400484,0.36540012163054775
158,19000.0,0.05024026100466912,0.350210399366504,0.1173462150515845,0.4315726290516206,0.39999999999999947,0.20648454855988854,8.0,0.428386842429469,0.35074563214578247
159,20000.0,0.05975951369660866,0.3583424031206303,0.15892374497239112,0.47381307735449396,0.39999999999999947,0.1899708273572323,8.0,0.42794455413896093,0.3474833691584861
160,1000.0,0.0,0.2528161849109453,0.0,0.0260425598810953,0.40416666666666684,0.02769259147952553,9.0,0.11829781117818572,0.1349465568244126
161,2000.0,0.0,0.21921670979151425,0.0,0.01751249950529662,0.44999999999999984,0.004899555254162063,9.0,0.12835492461216252,0.14612218692380072
162,3000.0,0.0,0.20745024782605428,0.0,0.019976244466040384,0.4499999999999998,0.00399915377561875,9.0,0.09960622196669998,0.11816992756157564
163,4000.0,0.0,0.1862875168870869,0.0,0.04100154347453267,0.44999999999999984,0.01116664430401093,9.0,0.06453339903905383,0.07247801688249271
164,5000.0,0.0,0.2302584835951711,0.0,0.07606928485679983,0.44999999999999984,0.02603574565705711,9.0,0.1386691634840458,0.15473325796909163
165,6000.0,0.0,0.17837266570549173,0.0,0.0620998399359744,0.4499999999999999,0.009863432737455331,9.0,0.0972853270912899,0.10865594418533286
166,7000.0,0.0,0.14106797633114163,0.0,0.0630415431478714,0.44999999999999996,0.009284580608804757,9.0,0.07699654458309134,0.08485278668792853
167,8000.0,0.0039201882269787715,0.12756651203219208,0.0,0.06257308118052417,0.44999999999999996,0.009595515824944107,9.0,0.05295014951784694,0.05657395059806263
168,9000.0,0.0,0.11147196179983698,0.0,0.06687572988379024,0.44999999999999996,0.03549944904850927,9.0,0.0812509899857442,0.08704988964521751
169,10000.0,0.0015618733875951947,0.14026569395048172,0.0002920438900246151,0.08245895760901766,0.44999999999999996,0.03190594240134195,9.0,0.07448900735829406,0.07421921394316419
170,11000.0,0.0005894504271979887,0.12967525943712582,0.0056447911886186326,0.0784813925570228,0.45,0.012605555465068665,9.0,0.0737067882222496,0.07441158352907727
171,12000.0,0.0024802060739028396,0.37393623350511795,0.07894878924493157,0.20994280064967166,0.44999999999999973,0.09306718941129066,9.0,0.3428597931719195,0.3597534243411635
172,13000.0,0.00019862377608337084,0.09654113567606759,0.02974278284053411,0.09834546063323286,0.44999999999999996,0.017023086289409954,9.0,0.09753920343547054,0.09218065369615186
173,14000.0,0.009839441008766965,0.31627395911035455,0.126117663887283,0.16307665923512263,0.4499999999999997,0.05637757082366741,9.0,0.30156813741882116,0.30570289404490325
174,15000.0,0.011084059989967397,0.2198599097273013,0.10710425208318324,0.20583817942761518,0.44999999999999973,0.0578727459921472,9.0,0.2325582298281571,0.22413620866171852
175,16000.0,0.005643990041562505,0.30105512396493467,0.19003180526619945,0.30623191525850463,0.44999999999999957,0.08644813902735682,9.0,0.25400066579466785,0.24354786697544017
176,17000.0,0.021127520015092268,0.3375462472147497,0.1336097485707398,0.37079729851124116,0.4499999999999995,0.16758260363619717,9.0,0.33391678448719236,0.3211304292420134
177,18000.0,0.03597957948936508,0.30775950639574295,0.22214248960462823,0.2807351512033384,0.4499999999999995,0.10868454989656726,9.0,0.3552071783499651,0.31652936384908187
178,19000.0,0.05535374382020057,0.32156033606184764,0.16911926731652793,0.361511204079217,0.4499999999999995,0.21889133476516348,9.0,0.38112145089336064,0.325648176494575
179,20000.0,0.07037185150553239,0.31440028844339046,0.17268007634861698,0.36304611130166353,0.4499999999999995,0.16039995330984635,9.0,0.3686619902673401,0.3121729609346971
180,1000.0,0.0,0.18956691577577175,0.0,0.01195633532916272,0.4706521739130433,0.011527849347599017,10.0,0.06719381223519078,0.07655719819255319
181,2000.0,0.0,0.2313145301104052,0.0,0.0265854913393929,0.5,0.010764844204788418,10.0,0.1008721448811137,0.11440427274634966
182,3000.0,0.0,0.17294467364297508,0.0,0.031424992357191324,0.5,0.022478535610208343,10.0,0.06488968402333266,0.07355077123754422
183,4000.0,0.0,0.20907696157921887,0.0,0.038922711941919624,0.5,0.012377407909273384,10.0,0.09457886739764282,0.10610083690410914
184,5000.0,0.0,0.18254104698518142,0.0,0.05793517406962786,0.5,0.015714755462235636,10.0,0.06868685474929162,0.07859795433468492
185,6000.0,0.0,0.19354116204422633,0.0,0.05712174979882061,0.5,0.013007870742195417,10.0,0.10553027359482946,0.11687697316932324
186,7000.0,0.0,0.2057179107661735,0.0,0.08900373336147646,0.5,0.028112577984255926,10.0,0.11450516958709639,0.12650570100460778
187,8000.0,0.00308410374957859,0.16755382670661512,0.0,0.08925682074071864,0.5,0.019965729524878482,10.0,0.07855547401856545,0.08656243405506218
188,9000.0,0.00913460037994124,0.1108680118683454,0.0,0.0948769118036825,0.5,0.012350511234345813,10.0,0.04692978821104976,0.0505594779559593
189,10000.0,0.00040367142894271585,0.13789743023438522,0.0,0.11835561292186048,0.5,0.014953160772839147,10.0,0.06160144725494899,0.06484115614399677
190,11000.0,0.0014813595487106275,0.13189299993165282,0.019888784918615114,0.09967660533601193,0.5,0.018031314683283173,10.0,0.07637492153446324,0.07924978733294072
191,12000.0,0.000989002719248378,0.15148290357346186,0.028703742333847884,0.13204892346549008,0.5,0.025085387584842755,10.0,0.08545544144164324,0.0868404680131717
192,13000.0,0.002578291784102183,0.3714556283232807,0.05923901706370729,0.23511833304750476,0.5,0.08008976551334757,10.0,0.30828754465935687,0.3163253839853243
193,14000.0,0.00028563858678581845,0.10356616723074766,0.048294523283050124,0.11485002164130959,0.5,0.04517218605236364,10.0,0.06823304411083148,0.06537509505145753
194,15000.0,0.032887486658842245,0.41754947779244733,0.25484672087411137,0.38050257697063794,0.5,0.1516033793317881,10.0,0.3549697948209196,0.3501782983048745
195,16000.0,0.01865267456925233,0.3901942197607153,0.2492554226628751,0.4315449682177019,0.5,0.18765607468940906,10.0,0.33911448294499397,0.3272823213351044
196,17000.0,0.03257796036241557,0.37620364283522995,0.2072589729475841,0.3644798933398244,0.5,0.1789997193644363,10.0,0.3588414597797534,0.34358680801137753
197,18000.0,0.03990091809538484,0.32341400150695526,0.17397813706091678,0.33180204165975524,0.5,0.13129115769194555,10.0,0.3436606030250214,0.31547148278720155
198,19000.0,0.03646452275311212,0.34043565959889455,0.1039435051524886,0.4415784170811181,0.5,0.1976796716743566,10.0,0.3679709252186769,0.3220235848896952
199,20000.0,0.03424835068075262,0.3499573562709109,0.23560033700245903,0.5149074555195212,0.5,0.20405897786916838,10.0,0.35928581804541415,0.31627308905525514
200,1000.0,0.0,0.2123094480545964,0.0,0.0186832974948221,0.532692307692308,0.02260695238156888,11.0,0.10512618341372806,0.12023738174001836
201,2000.0,0.0,0.21509382594898638,0.0,0.021680100611673244,0.5500000000000002,0.008542654670473463,11.0,0.10587183277894131,0.12033740164853636
202,3000.0,0.0,0.1892292887576799,0.0,0.028699391844649945,0.5500000000000003,0.006117871325006263,11.0,0.07725286909714654,0.08754089534177127
203,4000.0,0.0,0.24046300387893044,0.0,0.0654090207511576,0.5500000000000003,0.030493521486881753,11.0,0.1158293950967106,0.13034692371739762
204,5000.0,0.0,0.21181173725545704,0.0,0.07962956611215914,0.5500000000000003,0.0355496324545477,11.0,0.10326632992484906,0.11543644695959437
205,6000.0,0.0,0.23336183599458646,0.0,0.06287208761055442,0.5500000000000003,0.01377054272153729,11.0,0.10308329960048576,0.1159895328158408
206,7000.0,0.0006656560480863536,0.19332238680496958,0.0,0.09928366951176076,0.5500000000000003,0.024559820258741392,11.0,0.11584575582111617,0.12745495719495056
207,8000.0,0.0,0.19825940410604434,0.0,0.0990074601269079,0.5500000000000002,0.01934538177837542,11.0,0.1230571639768387,0.13627332850460647
208,9000.0,0.002565585166937432,0.15325176521321607,0.0,0.1100521841389617,0.5500000000000002,0.019553432106478176,11.0,0.09151117290577683,0.10140068536976346
209,10000.0,0.003991094348575203,0.16434104192789126,0.0,0.09298821569444105,0.5500000000000002,0.017474533829845255,11.0,0.1010340437764363,0.1098164664743557
210,11000.0,0.0004902551260912787,0.1544175758173808,0.0,0.10983648117632146,0.5500000000000002,0.019862860118332753,11.0,0.06404443706445409,0.06932411460505439
211,12000.0,0.0011490121688416208,0.15532714148074028,0.01744537311311061,0.10443860083716026,0.5500000000000003,0.020474608705322066,11.0,0.10807076141066531,0.1122859508868837
212,13000.0,0.004524048276931809,0.3749274963221772,0.05640084254127393,0.25083220101227305,0.5500000000000004,0.1019577741784001,11.0,0.3164305367336044,0.33191960291271855
213,14000.0,0.0021001474518437427,0.12446665766609441,0.033835370687137545,0.1485982147961225,0.5500000000000002,0.02231195023671909,11.0,0.08968619651877015,0.08909839159556543
214,15000.0,0.012385229131344556,0.31988782996049875,0.17882303401583635,0.27921932892758433,0.5500000000000004,0.09755020722368062,11.0,0.2623879254278273,0.25753318385374907
215,16000.0,0.014780754564303542,0.39075970551232925,0.2658379728136498,0.342943526616996,0.5500000000000005,0.170101126488354,11.0,0.3409061001373432,0.335572323221839
216,17000.0,0.022105732874288367,0.4144474335987112,0.2693701138163676,0.434004016353085,0.5500000000000003,0.20961925334227896,11.0,0.3471361181431244,0.34278279660149036
217,18000.0,0.02691254309814508,0.3933463465559276,0.2522627266101067,0.495220777386585,0.5499999999999999,0.26347854212087096,11.0,0.34867264781975366,0.3317817165924903
218,19000.0,0.025662189938430408,0.340149772750955,0.27806408414146955,0.46128099951924584,0.5500000000000003,0.20453167917561973,11.0,0.34305753761080254,0.32183612505433434
219,20000.0,0.025515617230983376,0.3252445829898684,0.2663924773800569,0.4009603841536615,0.5500000000000003,0.17798965883937326,11.0,0.3497392569159907,0.32206836629991187
220,1000.0,0.0,0.20696650355543172,0.0,0.013812382095695422,0.5709999999999998,0.006194378958427099,12.0,0.10795909818898608,0.12299119321451055
221,2000.0,0.0,0.16987879198939246,0.0,0.021361687532155716,0.5999999999999998,0.004556361145953412,12.0,0.06043079955648639,0.06861467436555267
222,3000.0,0.0,0.2203760654128434,0.0,0.029700769196567514,0.5999999999999999,0.01989225748943648,12.0,0.11283022828174977,0.12780607070750374
223,4000.0,0.0,0.20150890786019796,0.0,0.0396372834848225,0.5999999999999998,0.010286404395379251,12.0,0.10316290912077532,0.1164002405337774
224,5000.0,0.0,0.23011449371145598,0.0,0.054368175841765266,0.5999999999999998,0.033229391494158114,12.0,0.10366432590037371,0.11629926598838848
225,6000.0,0.0,0.2234547348941749,0.0,0.08565058676531838,0.5999999999999999,0.02547951609342276,12.0,0.09398616659920098,0.10390643358550376
226,7000.0,0.0,0.2229332339582292,0.0,0.08168029116408469,0.5999999999999999,0.024336535426548365,12.0,0.1281270675628197,0.142474770152852
227,8000.0,0.0,0.25785470116088127,0.0,0.11116827683454333,0.5999999999999999,0.02517648368724557,12.0,0.13742406198239634,0.15226936373375413
228,9000.0,0.0,0.2015108232695212,0.0,0.11116789572972044,0.5999999999999998,0.023159132505321676,12.0,0.10546418627571763,0.11350369262220177
229,10000.0,0.00020751594889226765,0.1533771359141056,0.0,0.10672125993254443,0.5999999999999998,0.012476252280951998,12.0,0.09138556938113424,0.10049731373863051
230,11000.0,0.0030782668029926364,0.18756681188884333,0.0,0.14406448293603158,0.5999999999999998,0.020347847531663552,12.0,0.11403819145004311,0.12354545885315481
231,12000.0,6.0733355654513174e-05,0.17597801190247409,0.0,0.10299476933630593,0.5999999999999998,0.01865559553837939,12.0,0.11123773150999959,0.1168684465263628
232,13000.0,0.00957496120132594,0.42017690453372036,0.026925129169036315,0.21267905658504005,0.6000000000000003,0.10038936034701933,12.0,0.29624310252037633,0.31583650211111314
233,14000.0,0.0,0.126762061327508,0.024599482665109102,0.11925484479506088,0.5999999999999998,0.020994627835819967,12.0,0.09854728758572544,0.09941902969667021
234,15000.0,0.03564040758438607,0.46761013217180486,0.10899897748041512,0.3462527868290173,0.6000000000000006,0.23495004091796365,12.0,0.3621911993239227,0.3702391288625213
235,16000.0,0.00807477009417422,0.3052121047343601,0.1739693685540404,0.2902501660004661,0.6000000000000003,0.08850045310236651,12.0,0.2466684988454115,0.2412764848812423
236,17000.0,0.015648086039564482,0.44173482024658606,0.2039640184956417,0.5229384732101071,0.6000000000000006,0.252276932742202,12.0,0.3443289350870636,0.34100246526661127
237,18000.0,0.019283261763305474,0.41180160360450346,0.29673838658516016,0.5165328391484524,0.6000000000000008,0.22831446393790278,12.0,0.34523974926402845,0.3324292520622702
238,19000.0,0.019465797739647017,0.4070861565196176,0.3028293490202625,0.5118961870462472,0.6000000000000008,0.2141086472943593,12.0,0.35357340560962586,0.3435437214140497
239,20000.0,0.0182424117177542,0.38139460614063697,0.28548555545448384,0.4825030714862057,0.6000000000000008,0.170787143755305,12.0,0.34959609158677296,0.3271514236439902
240,1000.0,0.0,0.26577354826481886,0.0,0.023435747925543846,0.6201923076923077,0.022567121033171492,13.0,0.11380104434188457,0.12982783731529726
241,2000.0,0.0,0.2008329244394876,0.0,0.026537472131709827,0.6500000000000001,0.02015047390246724,13.0,0.0870187507699889,0.09872128994699683
242,3000.0,0.0,0.23130773954033124,0.0,0.03834549692893031,0.65,0.022076000822632308,13.0,0.11567729365437877,0.13030818358889734
243,4000.0,0.0,0.1973796953857017,0.0,0.036710684273709486,0.6500000000000001,0.011125053163036813,13.0,0.08115076998891216,0.09104740501059386
244,5000.0,0.0,0.22222370140914025,0.0,0.04742968616017836,0.6500000000000002,0.020366005079260976,13.0,0.0990205741037329,0.1162518812855244
245,6000.0,0.0,0.21414208680301663,0.0,0.05572998430141288,0.6500000000000001,0.015965481341344952,13.0,0.11524170544251856,0.1333723172317336
246,7000.0,0.0,0.24473943238879184,0.0,0.06812883883712215,0.65,0.022393438619000592,13.0,0.08412686679534037,0.09302670165613296
247,8000.0,0.0,0.23921103578022154,0.0,0.10327427674366452,0.6500000000000001,0.02579660652001632,13.0,0.11854019579041139,0.1301530213475897
248,9000.0,0.0,0.20247298489092774,0.0,0.10510138121182536,0.6500000000000001,0.00997528218224161,13.0,0.07281697482017797,0.0786471511119003
249,10000.0,0.0,0.20106619795548386,0.0,0.11672783399073916,0.6500000000000001,0.020280194028227318,13.0,0.09532684489343353,0.10401158894447189
250,11000.0,0.0,0.14259650534850146,0.0,0.12814566820517026,0.6500000000000002,0.019448040286929702,13.0,0.07874102125972865,0.0858707939822016
251,12000.0,0.0024206186939859475,0.15420285126917838,0.0,0.1421711541759561,0.6500000000000001,0.0435096549035408,13.0,0.0739807810767525,0.07745605068809358
252,13000.0,0.010439239690256558,0.14209295582443862,0.0001807890747771427,0.11952638198136399,0.6500000000000002,0.022927067754368827,13.0,0.0703350991745719,0.07199118418885285
253,14000.0,0.0008836854803020241,0.12625131457218858,0.01440749857454768,0.12653632881724117,0.65,0.021457126307310906,13.0,0.08532325845618934,0.08566151426969017
254,15000.0,0.006770671193588708,0.269562126575966,0.08377816960942971,0.22129227630901988,0.6499999999999996,0.0632735657218196,13.0,0.1799356775578221,0.18074912721296363
255,16000.0,0.02037142637498358,0.38575882457255134,0.1618266731783456,0.36673829195543756,0.6499999999999995,0.18054148921631116,13.0,0.3100697398584911,0.31635275296496174
256,17000.0,0.01615074598648042,0.3041795440892851,0.16729166646453217,0.36434573829531813,0.6499999999999995,0.0936831549730831,13.0,0.2472183846134011,0.2427274320120033
257,18000.0,0.014047791658647526,0.43171007457909466,0.26781703248416294,0.4517429091452249,0.6499999999999992,0.2330704331775973,13.0,0.32109725903817954,0.31744726595723544
258,19000.0,0.05142815687427619,0.3928197719033395,0.38759786947028785,0.4598625164351455,0.6499999999999992,0.21166427018621647,13.0,0.325844031045953,0.32288872943560304
259,20000.0,0.032126684447367264,0.38117068293924944,0.31448281987890275,0.4503640165743717,0.6499999999999992,0.17057567533563547,13.0,0.319386075421159,0.3087005302064378
260,1000.0,0.0,0.28079603806821213,0.0,0.01605272650932294,0.6568965517241382,0.0045805463395356275,14.0,0.12247178123393644,0.1397451916781257
261,2000.0,0.0,0.19287654113032296,0.0,0.025456611215914932,0.6999999999999997,0.00958881469188508,14.0,0.09886205905301632,0.11216551476710418
262,3000.0,0.0,0.18473980684017272,0.0,0.02447328137604248,0.6999999999999997,0.007504952306949252,14.0,0.10080078846864604,0.11382632979903622
263,4000.0,0.0,0.21854149918504534,0.0,0.03779203989288023,0.6999999999999997,0.016256184811700106,14.0,0.07932999118658844,0.08957609436533395
264,5000.0,0.0,0.23633804841034461,0.0,0.05379192493323859,0.6999999999999996,0.012164255539871004,14.0,0.12174131892500749,0.136431196927924
265,6000.0,0.0,0.20899780262581244,0.0,0.06876706726646702,0.6999999999999997,0.033275621820626516,14.0,0.10071720321073531,0.11658277144274963
266,7000.0,0.0,0.24049362343651573,0.0,0.06958338891112001,0.6999999999999997,0.02542045213099445,14.0,0.12286184915974248,0.13617385823549893
267,8000.0,0.0,0.247394532209914,0.0,0.06800497976968566,0.6999999999999997,0.01795767968096737,14.0,0.11811643601221032,0.1319403233542152
268,9000.0,0.0,0.19900594355540271,0.0,0.11191562339221402,0.6999999999999997,0.02531899964609271,14.0,0.08164356289269435,0.0903212005929857
269,10000.0,0.0,0.18598493912204989,0.0,0.121370526232471,0.6999999999999997,0.014526690200899993,14.0,0.11353512570957439,0.12508415991868574
270,11000.0,0.0,0.12765538011076372,0.0,0.11962270622534728,0.6999999999999997,0.022868153827142988,14.0,0.0729708020204509,0.07848396027808051
271,12000.0,0.002856000704676985,0.14437263229732236,0.0,0.12408193090900956,0.6999999999999997,0.023168729082736424,14.0,0.07313132395241334,0.07839696078636238
272,13000.0,0.0017427113134940695,0.13017480486997363,0.0,0.11270222374664152,0.6999999999999997,0.01944624913516493,14.0,0.07636421502197034,0.08131638089178012
273,14000.0,0.0013308281718913935,0.15291406353949663,0.00011246410671755364,0.1546904476076145,0.6999999999999997,0.02342222101061662,14.0,0.10734464971530495,0.1114299849811094
274,15000.0,0.0024485252148482026,0.236175829064544,0.021154775899262037,0.22278239026703126,0.6999999999999996,0.05905162275705777,14.0,0.1712284312517664,0.17482028654604936
275,16000.0,0.012930526447822163,0.27720497372532077,0.05717365550657971,0.33166755074122667,0.6999999999999995,0.12987316018726386,14.0,0.21263555386197788,0.21446458198112453
276,17000.0,0.019247139731997397,0.3937081289899899,0.1601150073081686,0.3867987873115349,0.7000000000000003,0.2054151097001865,14.0,0.2826213241512373,0.284329672243567
277,18000.0,0.025707937978674645,0.39412736091563083,0.2274180538751443,0.40408734922540446,0.7000000000000004,0.1931400338716931,14.0,0.29059685433863086,0.28825953729965864
278,19000.0,0.020335732319141063,0.40306423356741866,0.3154497539119341,0.4465435524859294,0.7000000000000006,0.22808030753683814,14.0,0.29458084603581713,0.29344905457261355
279,20000.0,0.008868618540566047,0.36620262325811964,0.32364685741681876,0.4469812137930232,0.7000000000000003,0.17657547187658873,14.0,0.28427050989448804,0.2804993131512743
280,1000.0,0.0,0.25370696266828635,0.0,0.02356703049883548,0.7201612903225808,0.01951485859714994,15.0,0.12792983264911953,0.14851697889983204
281,2000.0,0.0,0.18792631695123405,0.0,0.021599115836810914,0.75,0.008546458863720009,15.0,0.10203386582344327,0.11587766122143722
282,3000.0,0.0,0.23777629943978745,0.0,0.034323933655094695,0.75,0.011415715045642556,15.0,0.10422147521075698,0.11791103086871633
283,4000.0,0.0,0.20168490421757726,0.0,0.03895844051906477,0.75,0.021789778449123293,15.0,0.09589482978111781,0.10783037855864758
284,5000.0,0.0,0.18143401301695394,0.0,0.06118876121877322,0.75,0.016912996447699346,15.0,0.09092624532873395,0.10139113590158422
285,6000.0,0.0,0.1989014129357924,0.0,0.06375248512103254,0.75,0.02309812688716741,15.0,0.09983673953613587,0.11162632573749025
286,7000.0,0.0,0.19907745435982557,0.0,0.07937256535267168,0.75,0.019843040598296686,15.0,0.09716538481845861,0.10841233201397557
287,8000.0,0.0,0.24649012223130473,0.0,0.1042798071609596,0.75,0.03557341980441144,15.0,0.1311657746202529,0.14483798819092975
288,9000.0,0.0,0.23411430525895444,0.0,0.08860891295293626,0.75,0.02595682622415968,15.0,0.10274204051461659,0.11247726259538589
289,10000.0,0.0,0.2512072404404596,0.0,0.13381638369633564,0.75,0.03869647397689531,15.0,0.13401667282657795,0.15184969572251517
290,11000.0,0.0,0.16570570437092783,0.0,0.11697821985937232,0.75,0.013558794620238719,15.0,0.11163316496242454,0.11968915634921172
291,12000.0,0.0014740919911356784,0.1765082542473119,0.0,0.10504558966443718,0.75,0.02592486289454578,15.0,0.09162046733193709,0.09743620552325122
292,13000.0,0.0002732786388816847,0.11651330572302547,0.0,0.11441433716343681,0.75,0.01380672316915702,15.0,0.06760108414438833,0.07161656298442395
293,14000.0,0.004722524856902783,0.4218449804011208,0.0,0.24571989074375392,0.75,0.12019293643608114,15.0,0.26295381268460954,0.2855043920006036
294,15000.0,0.01163373922055923,0.2632961128990279,0.0,0.2605804226452486,0.75,0.08360942160957578,15.0,0.17916649555801947,0.1874392178365047
295,16000.0,0.005286577458495252,0.27877550793576117,0.04109077399577628,0.2813798988983348,0.75,0.11058664793936797,15.0,0.2011903295259215,0.20469015078328198
296,17000.0,0.01455711735237284,0.4170631505987796,0.0845938349380295,0.44789820690180815,0.75,0.1855314090402405,15.0,0.29850291340989876,0.3027941430501558
297,18000.0,0.04006260805063702,0.4265605464882355,0.1579865518384976,0.4099785192527374,0.75,0.2057907687708039,15.0,0.2920558025320368,0.2918562676251304
298,19000.0,0.024619123183722533,0.40481766813929565,0.2341509297994759,0.4223990895059323,0.75,0.19586334545181694,15.0,0.2934831722423198,0.29228558575800445
299,20000.0,0.025314973098922906,0.3955776449724028,0.2806098903391237,0.468290173212142,0.75,0.2132737393054624,15.0,0.30247393409842593,0.29926053827981025
300,1000.0,0.0,0.27535832878721356,0.0,0.02408152200972555,0.7629032258064512,0.015990413423723353,16.0,0.11036128873292611,0.12588368649494477
301,2000.0,0.0,0.2326309640517971,0.0,0.026483609316742568,0.8000000000000003,0.011714799699460373,16.0,0.11668058350330127,0.1326937150584825
302,3000.0,0.0,0.19374261088243536,0.0,0.035779391121527976,0.8000000000000003,0.015347358644579224,16.0,0.06514466665754087,0.07353228390005687
303,4000.0,0.0,0.2231013879204135,0.0,0.04268221574344023,0.8000000000000003,0.022137623327548955,16.0,0.1098425526672416,0.12400468431634026
304,5000.0,0.0,0.2847481509248562,0.0,0.0638398216429429,0.8000000000000004,0.04557790812293893,16.0,0.12725358301507125,0.1433105209835259
305,6000.0,0.0,0.24766088184664886,0.0,0.07130153648761092,0.8000000000000003,0.029769227961451865,16.0,0.10735657673196172,0.11972183925855223
306,7000.0,0.0,0.293401456636249,0.0,0.12384953981592635,0.8000000000000004,0.04908883668674229,16.0,0.12845665475750484,0.1424596271049526
307,8000.0,0.0,0.2989296017006634,0.0,0.09755527826894304,0.8000000000000004,0.03895345010108017,16.0,0.14520516752834622,0.1663305776288648
308,9000.0,0.0,0.21991022223512818,0.0,0.08970526986304725,0.8000000000000004,0.020978939355545134,16.0,0.1182484732219856,0.13021243819439138
309,10000.0,0.0,0.26125917139966376,0.0,0.15283354721198822,0.8000000000000004,0.03727068359648335,16.0,0.1299387832263491,0.14281539363266305
310,11000.0,0.0,0.18952958236862308,0.0,0.1420476762133425,0.8000000000000003,0.02126348747091435,16.0,0.1231710237772576,0.13336573544443467
311,12000.0,0.00026295190541577473,0.19803241543190028,0.0,0.13428863608935634,0.8000000000000003,0.029450373281634086,16.0,0.11372784143019452,0.12380670150069108
312,13000.0,0.0,0.14854040633858073,0.0,0.14189247127422397,0.8000000000000003,0.01979923037300471,16.0,0.08125333661861936,0.08693316049198858
313,14000.0,0.0031687948805687294,0.1456201107521289,0.0,0.12526439147087406,0.8000000000000003,0.015474752199095323,16.0,0.07957784074575992,0.08334292309462725
314,15000.0,0.007480133428490959,0.36010940776609013,0.0,0.28405769602673897,0.7999999999999999,0.1172623385842121,16.0,0.2345470892453192,0.2539320301723896
315,16000.0,0.008176840221611,0.29987462406722976,0.0003535817097083733,0.31529969130509344,0.8000000000000004,0.11748224401268359,16.0,0.18768683010964643,0.19780354979116882
316,17000.0,0.01697150763495666,0.431488094733591,0.04909265110709518,0.4588166093505072,0.7999999999999994,0.26078832156506404,16.0,0.2772683711249294,0.28592571004908407
317,18000.0,0.03187195086849895,0.4262712514791064,0.11634179528674833,0.44387679883983655,0.7999999999999994,0.20512139000026752,16.0,0.3115417717633988,0.3172220593249354
318,19000.0,0.023395478198461175,0.4470847367588724,0.14702592999829073,0.48430385979276497,0.7999999999999993,0.2282373979042553,16.0,0.31746688550910673,0.32016347940850787
319,20000.0,0.05022161188756345,0.4203537734571952,0.25878201142083646,0.4818281053918166,0.7999999999999992,0.2716539808371712,16.0,0.3127456191297512,0.3158078699652007
320,1000.0,0.0,0.22845995481191952,0.0,0.012596171473515513,0.8396551724137934,0.010300795656765935,17.0,0.09292459843750664,0.10607170776103078
321,2000.0,0.0,0.23124017297510344,0.0,0.029675135360266558,0.8500000000000003,0.018291758143930102,17.0,0.10781217550467274,0.1222672806692654
322,3000.0,0.0,0.22051427286806632,0.0,0.0361307788421491,0.8500000000000003,0.014592169480112565,17.0,0.0928916383604076,0.1050240840005067
323,4000.0,0.0,0.2091964471759726,0.0,0.045845810851813246,0.8500000000000002,0.032819801554753655,17.0,0.11393864728347912,0.12797124217176067
324,5000.0,0.0,0.26815156232526205,0.0,0.07773415488644438,0.8500000000000003,0.0317429677331057,17.0,0.1307735088614724,0.14640809446769087
325,6000.0,0.0,0.23013003991405012,0.0,0.07134282284342308,0.8500000000000003,0.027269156694869363,17.0,0.12888199734061764,0.14357028096794575
326,7000.0,0.0,0.2828784096841925,0.0,0.07544038023372614,0.8500000000000003,0.043122929349049696,17.0,0.1313064291874197,0.14594706064951857
327,8000.0,0.0,0.2515237855026242,0.0,0.0916509460927228,0.8500000000000003,0.04258590899810913,17.0,0.11861689458338467,0.13211599775261124
328,9000.0,0.0,0.22701638216421854,0.0,0.0905179805912513,0.8500000000000003,0.03704904120843551,17.0,0.11308832463157358,0.12357977191384946
329,10000.0,0.0,0.29416470967141006,0.0,0.12830754421584303,0.8500000000000004,0.05193355617615889,17.0,0.14830809094413558,0.16284506490503298
330,11000.0,0.0,0.2332307140288668,0.0,0.13521599115836808,0.8500000000000002,0.03148296784028742,17.0,0.12098357813277119,0.1310319911929638
331,12000.0,0.0,0.22376063419912517,0.0,0.14935566063159955,0.8500000000000003,0.02079574927471845,17.0,0.12059962336542354,0.1316206825524689
332,13000.0,0.0,0.0007928257366028043,0.0,0.0,0.8500000000000003,0.000675802934634365,17.0,1.10453581882214e-05,8.403198537469978e-06
333,14000.0,0.0015101279494850678,0.16824555554637566,0.0,0.14833386770857412,0.85,0.019591105596081616,17.0,0.11354205612482658,0.12149084636437188
334,15000.0,0.00879151027226683,0.2972334528382012,0.0,0.2926670668267307,0.8500000000000005,0.08737503778702674,17.0,0.2002027295251393,0.21790889801984592
335,16000.0,0.01046311196369392,0.3349848469655368,0.0,0.3262315379113318,0.8500000000000005,0.1514094772146723,17.0,0.21668572733528244,0.2324148680979929
336,17000.0,0.01878352944893976,0.45796943301384707,0.000928099379827599,0.4375750300120047,0.8500000000000008,0.27109216447420675,17.0,0.2850692827918015,0.30073467665996984
337,18000.0,0.03253138739832448,0.47582923128672916,0.047951487602703756,0.5340843820521405,0.8500000000000009,0.3517664657048785,17.0,0.2883495544330828,0.3011667489183448
338,19000.0,0.039020453213853806,0.4538198396193449,0.1183436157119613,0.5413026817870005,0.8500000000000009,0.26532592227915963,17.0,0.30654867869902674,0.3137711369620991
339,20000.0,0.022980284832526402,0.45838382470739925,0.14736983988934427,0.511966544859702,0.8500000000000009,0.2944952701225676,17.0,0.3078328673913249,0.3111261885879931
340,1000.0,0.0,0.25699360085070305,0.0,0.014454353169839364,0.8799999999999994,0.004384805787964173,18.0,0.11624902468071126,0.1325900704226941
341,2000.0,0.0,0.2646108774862298,0.0,0.02641056422569028,0.8999999999999996,0.019911405013839506,18.0,0.12484789267310413,0.14202829403632006
342,3000.0,0.0,0.2349592313953705,0.0,0.043932844073590015,0.8999999999999996,0.011807984039220393,18.0,0.10662084259090118,0.12074089134127419
343,4000.0,0.0,0.26910163534561393,0.0,0.0630282725335032,0.8999999999999996,0.0405487231496547,18.0,0.11680247804431616,0.13191272704767193
344,5000.0,0.0,0.27338333278846705,0.0,0.06360401303378495,0.8999999999999996,0.03276381450450715,18.0,0.1251143103539309,0.1400694234248696
345,6000.0,0.0,0.2514467548817464,0.0,0.08299033899273996,0.8999999999999996,0.035492126979776155,18.0,0.12378234980082954,0.1384547171471701
346,7000.0,0.0,0.2919690585531596,0.0,0.09288286743268735,0.8999999999999996,0.06668245618764579,18.0,0.12870288694509469,0.14347884949941445
347,8000.0,0.0,0.30262651465115764,0.0,0.11910201868765938,0.8999999999999995,0.06356093999238138,18.0,0.14627524073330764,0.1631009859730361
348,9000.0,0.0,0.28467085308474666,0.0,0.12798124175778686,0.8999999999999996,0.059919809850741974,18.0,0.13786901054831707,0.15224541634697553
349,10000.0,0.0,0.3066396118643859,0.0,0.13382781684102213,0.8999999999999996,0.05183312447594197,18.0,0.1425869984805552,0.1582879229930886
350,11000.0,0.0,0.27860255397474204,0.0,0.1583804950551649,0.8999999999999996,0.037849184433920824,18.0,0.13760420516611227,0.15047847267820594
351,12000.0,0.0,0.2256890919807324,0.0,0.13403422593527206,0.8999999999999996,0.026568884329916685,18.0,0.12087646737886973,0.13000791034427403
352,13000.0,0.0,0.18569281759570266,0.0,0.13040710789810428,0.8999999999999997,0.020552167752962255,18.0,0.08641388917845737,0.09378187727778528
353,14000.0,0.0,0.18171289863300413,0.0,0.16927430312784456,0.8999999999999997,0.02245118723356741,18.0,0.09732868339003611,0.10373917376699536
354,15000.0,0.0008921897551169546,0.3231239811152502,0.0,0.31565126050420167,0.8999999999999992,0.0988719995488042,18.0,0.19208599236171,0.20845495407068446
355,16000.0,0.008771576051642917,0.3224626505028436,0.0,0.27507017844731885,0.8999999999999994,0.079882175368289,18.0,0.21247699759439254,0.231121738427177
356,17000.0,0.012696671934729818,0.3184201344153378,0.0,0.3584483793517407,0.8999999999999992,0.13467030157140245,18.0,0.19063422446716768,0.2026400048738551
357,18000.0,0.01638658232301527,0.4703723753465856,0.000977355313454742,0.4792207281038878,0.899999999999999,0.2828237099073387,18.0,0.2931498958874008,0.31032153128716494
358,19000.0,0.02570163313999384,0.46153528008310174,0.05934715939305198,0.5857621960348766,0.899999999999999,0.34225197742329544,18.0,0.2990643583621285,0.3105240995267868
359,20000.0,0.04152277564802919,0.4851137697144465,0.09065427459186064,0.553772278142026,0.899999999999999,0.316605791549569,18.0,0.3192440556855982,0.3242335263956227
360,1000.0,0.0,0.2626733465352819,0.0,0.0145317055393586,0.9093750000000003,0.005658661486500941,19.0,0.1447368177898238,0.16517630494087066
361,2000.0,0.0,0.24797886675466965,0.0,0.02246908615663014,0.9499999999999995,0.006096314393704568,19.0,0.10887120687531066,0.12366613812104013
362,3000.0,0.0,0.25983311701071254,0.0,0.04023382752115624,0.9499999999999995,0.026087654004585913,19.0,0.10794288700173753,0.12214749340757405
363,4000.0,0.0,0.27616008753994176,0.0,0.054092572989787056,0.9499999999999995,0.055975719919851445,19.0,0.11844396392416086,0.133522156316766
364,5000.0,0.0,0.28501981313933406,0.0,0.056597128647377315,0.9499999999999995,0.034910315398124565,19.0,0.12469138844400642,0.1415071623428931
365,6000.0,0.0,0.3078010374577421,0.0,0.09501514891670955,0.9499999999999995,0.039423332335592406,19.0,0.13269171697260893,0.14882068500229026
366,7000.0,0.0,0.2732519321876827,0.0,0.07142561458080769,0.9499999999999995,0.024963592903491927,19.0,0.12357070940937072,0.14030120331468834
367,8000.0,0.0,0.28528329835840865,0.0,0.0958428014062768,0.9499999999999995,0.04593615941719356,19.0,0.14823888136010843,0.1643620918992466
368,9000.0,0.0,0.2672562952413501,0.0,0.10566715165328802,0.9499999999999995,0.04417860921382735,19.0,0.12123834087756878,0.13312939714211283
369,10000.0,0.0,0.33268793688474535,0.0,0.13422333219001886,0.9499999999999995,0.0537288726920066,19.0,0.15587948133546878,0.17234937587577084
370,11000.0,0.0,0.29802402237154896,0.0,0.1372834848225004,0.9499999999999995,0.05662015692488304,19.0,0.15440647201346963,0.16946439490862647
371,12000.0,0.0,0.24916615983979212,0.0,0.1523392767245147,0.9499999999999995,0.03913712590936286,19.0,0.12282942609497391,0.13233608550384024
372,13000.0,0.0,0.20382583588248648,0.0,0.12401224225954117,0.9499999999999995,0.02611053495240428,19.0,0.10907989878791897,0.11697044079750016
373,14000.0,0.0,0.17650156624323243,0.0,0.14396198039655422,0.9499999999999995,0.018551895071048964,19.0,0.09541058177993006,0.10221244905493551
374,15000.0,0.0,0.32364889659027735,0.0,0.25467104134887036,0.9499999999999998,0.06832529907375393,19.0,0.2075126278181594,0.2266679326339161
375,16000.0,0.004240560318041244,0.3388639497989796,0.0,0.30007403658327436,0.9500000000000001,0.08205907158186818,19.0,0.22818667235582052,0.2466499262730346
376,17000.0,0.009892718479773301,0.345028165879985,0.0,0.32233282923559037,0.9500000000000003,0.14655952478098935,19.0,0.22669951952691877,0.24509660633219624
377,18000.0,0.025839675727231094,0.3403159334908416,0.0,0.37046896680750213,0.9500000000000003,0.14973700734883796,19.0,0.2082566331044833,0.2197340979706424
378,19000.0,0.01862557052070313,0.46591299634678346,0.014649875136336817,0.5088783812844865,0.9500000000000011,0.34378362999103684,19.0,0.2830391242366111,0.2990380905318595
379,20000.0,0.010415625362907297,0.29999378967913237,0.03951029338821905,0.39694735036871887,0.9500000000000003,0.1660498889500801,19.0,0.2125331471671252,0.21248744869477706
380,1000.0,0.0,0.3129989103346949,0.0,0.03145633253301321,0.9585937500000002,0.009852235173888363,20.0,0.12780322163360847,0.14625055846256949
381,2000.0,0.0,0.25773616304934616,0.0,0.02878786982773405,1.0,0.027913087484969613,20.0,0.11696099714095151,0.13292622948715044
382,3000.0,0.0,0.26823934471278704,0.0,0.041523013146145156,1.0,0.030376689933906586,20.0,0.1229640643519561,0.13985583379220246
383,4000.0,0.0,0.2930319353994506,0.0,0.06475447321785859,1.0,0.07620326859983277,20.0,0.12779105580879638,0.14404678900945664
384,5000.0,0.0,0.28109119000054883,0.0,0.05618745193930107,1.0,0.043349293453312336,20.0,0.1333405397671951,0.15021256515669598
385,6000.0,0.0,0.2840731810780668,0.0,0.07452105266069561,1.0,0.053298263995620015,20.0,0.12539226712554694,0.14045044291595415
386,7000.0,0.0,0.2710151339119941,0.0,0.10060521904614379,1.0,0.05984079800904452,20.0,0.1215378317907061,0.13467933548740846
387,8000.0,0.0,0.3125369022198604,0.0,0.11611137961678178,1.0,0.06915696400204134,20.0,0.13399039053837622,0.14907822393928524
388,9000.0,0.0,0.294481182148443,0.0,0.1181535114045618,1.0,0.054193823816074294,20.0,0.1208291240606135,0.13445197898826888
389,10000.0,0.0,0.3019828625949894,0.0,0.11943974018178699,1.0,0.05700079231148717,20.0,0.14345494024886044,0.15840790782998368
390,11000.0,0.0,0.26672303587369084,0.0,0.12426577773966728,1.0,0.06250620501509502,20.0,0.12968445854379698,0.14110762589100162
391,12000.0,0.0,0.2911600061874533,0.0,0.13899041759560965,1.0,0.04879471541590813,20.0,0.14739220155229765,0.16068639280564825
392,13000.0,0.0,0.22831566231195605,0.0,0.16042416966786713,1.0,0.04559474297737694,20.0,0.11094887273623259,0.11887806562104422
393,14000.0,0.0,0.20778836851433122,0.0,0.12160138780787039,1.0,0.025240611413828922,20.0,0.09950398498877,0.1055798872244072
394,15000.0,0.0,0.3136211225802648,0.0,0.26736408849253984,1.0,0.09207125957108228,20.0,0.19372093390573125,0.21108687490594655
395,16000.0,0.0,0.35261338615153703,0.0,0.37300036293587197,1.0,0.14210446270021232,20.0,0.219930034867963,0.2395652508610713
396,17000.0,0.0,0.3507963918578039,0.0,0.28565246696685315,1.0,0.09359502877289165,20.0,0.23438743263492354,0.2555630192147331
397,18000.0,0.008392695450775898,0.3447521748085378,0.0,0.32879332491013896,1.0,0.126694569996905,20.0,0.2179485232555509,0.23559674264014024
398,19000.0,0.01552094167969132,0.35428271334630096,0.0,0.36141628663127046,1.0,0.17926126972742,20.0,0.22484460680909063,0.23892679588369226
399,20000.0,0.01850438415294572,0.42250314040920206,0.005173348909007463,0.4840277262290843,1.0,0.319538150647403,20.0,0.2697448325699334,0.2831673471103263
