pods,file_descriptors,receive_packets,transmit_packets,dropped_packets,cpu_usage_seconds,cpu_throttled_seconds,memory_working_bytes,memory_usage_bytes,load,date
10,246.5,18553.3,15444.8,0,1.402980796,0.051114625,34433765.4,20,15000,26:15.8
10,246.5,18552.2,15443.9,0,1.402967054,0.051113633,34433618.4,20,15000,26:15.9
10,241.3,18322.7,15251.2,0,1.372734579,0.051041586,34086296.3,20,15000,26:16.9
10,241.6,18204.1,15152,0,1.360719212,0.051167364,33419186.6,20,15000,26:18.6
10,236.1,18070.6,15040,0,1.341747991,0.05086226,33325377.5,20,15000,26:20.2
10,235,17805.6,14818.8,0,1.323489903,0.051100074,33169665.1,20,15000,26:21.3
10,258.9,17472.4,14513.5,17.9,1.314779628,0.05777185,33692027.6,20,15000,26:22.6
10,256.3,17188.1,14276.3,17.9,1.305610033,0.05784532,33509867.8,20,15000,26:23.7
10,252.9,16923.3,14055.3,17.9,1.295882677,0.057840693,33433112.8,20,15000,26:24.7
10,252.9,16720.7,13886.8,17.9,1.287414784,0.057795389,33397638.5,20,15000,26:25.7
10,265.8,16738.5,13882.5,17.9,1.280937345,0.059596984,34239424.1,20,15000,26:26.8
10,260.9,16696.5,13847.5,17.9,1.268522896,0.059764049,33873947.1,20,15000,26:27.9
10,261.2,16588.6,13757.6,17.9,1.260311289,0.06005073,33952467.2,20,15000,26:28.9
10,256.4,16576.4,13747.4,17.9,1.245388626,0.060506495,33804123.5,20,15000,26:29.9
10,256.9,16563.5,13736.7,17.9,1.244945757,0.060304661,33783764.6,20,15000,26:31.3
10,263.9,16643.2,13759.4,36,1.246889052,0.067724739,33553194,20,15000,26:32.6
10,259.3,16403.8,13559.9,36,1.236064908,0.067869315,33097571,20,15000,26:33.6
10,255.4,16213.8,13400.7,36,1.2164405,0.068145177,32325391.8,20,15000,26:34.7
10,253.3,16199.5,13388.8,37,1.214394516,0.06838941,32135759.4,20,15000,26:35.7
10,261.5,16239.8,13356.9,37,1.233054225,0.0913863,32584296.7,20,15000,26:36.8
10,259.4,15924.5,13093.5,37,1.207156202,0.091488827,32154898.6,20,15000,26:37.8
10,256.7,15551.2,12781,37,1.186759901,0.091663107,31743672.9,20,15000,26:38.8
10,253.7,15436.8,12685.8,37,1.182240595,0.091609384,31499366.1,20,15000,26:39.9
10,252.7,15268.7,12544.7,36.3,1.180007396,0.091551761,31449048.2,20,15000,26:40.9
10,276,15375.5,12599.6,68.7,1.208562079,0.109693631,33336197.2,20,15000,26:42.0
10,273.6,15372.9,12597.5,68.7,1.191916292,0.108965769,32869982.1,20,15000,26:43.0
10,271.5,15108,12374.7,68.7,1.185040115,0.109054802,32618106.4,20,15000,26:44.0
10,271.9,15105.4,12372.6,68.7,1.18557203,0.109323477,32638936.1,20,15000,26:45.1
10,270.8,15075.1,12347.6,68.7,1.170694796,0.108476135,32619609,20,15000,26:46.1
10,269.9,14978.8,12240,99.6,1.172338824,0.119974055,32981643.5,20,15000,26:47.2
10,267.7,14978.8,12240,103,1.153356067,0.120526204,32886397,20,15000,26:48.3
10,268,14615.1,11933.4,103,1.14084188,0.120818659,32676726.7,20,15000,26:49.4
10,267.3,14561.7,11889.8,103,1.126808678,0.120676993,32408170.4,20,15000,26:50.4
10,267.7,14427.7,11776.4,106.5,1.114110006,0.120932674,32207142.2,20,15000,26:51.5
10,268.6,14521.5,11838.1,109.8,1.127543166,0.135662252,32586376.5,20,15000,26:52.5
10,265.1,14051.9,11443.6,109.8,1.110805381,0.135958689,32307447.2,20,15000,26:53.6
10,265.4,13967.1,11371.6,109.8,1.108753942,0.136363487,32376417.1,20,15000,26:54.6
10,262.9,13962.3,11367.7,109.8,1.095924637,0.136297693,31902746.2,20,15000,26:55.7
10,278.9,14013.5,11387.6,109.8,1.116589062,0.146801784,33385351.6,20,15000,26:56.7
10,275,13957.8,11340.6,109.8,1.099748785,0.144125406,32966760.9,20,15000,26:57.8
10,269.7,13795.1,11203.5,109.8,1.077461238,0.141918436,32557888.1,20,15000,26:58.8
10,269.6,13594.5,11034.8,109.8,1.071383082,0.141910229,32592250,20,15000,27:00.7
10,264.7,13433.5,10846.1,109.8,1.045563949,0.139952369,32070534.9,20,15000,27:02.1
10,274.4,13392.8,10851.5,112.5,1.051287769,0.145716319,33701157.3,20,15000,27:03.2
10,272.2,13392.8,10851.5,112.5,1.042991779,0.14630919,33517426.8,20,15000,27:04.2
10,270.1,13287.3,10763.4,112.5,1.027388407,0.146871354,33367435.7,20,15000,27:05.3
10,270.8,13078,10586.4,112.5,1.022887355,0.147167546,33421064.8,20,15000,27:06.3
10,282.4,12868.1,10384.1,115,1.017860604,0.175572116,34271607.2,20,15000,27:07.9
10,282.9,12641.6,10194.3,112.8,0.995948685,0.173361641,33788863.7,20,15000,27:09.0
10,280.5,12521.2,10094.3,114.7,0.984473967,0.173830129,33570780.6,20,15000,27:10.0
10,280.1,12395.1,9988.4,114.5,0.978055317,0.174037937,33577773.7,20,15000,27:11.0
10,287.5,12269.8,9827.2,116.9,0.998803717,0.210518277,34489451,20,15000,27:12.1
10,287.3,12052.8,9644.1,116.9,0.99388908,0.210828442,34502312.1,20,15000,27:13.1
10,288,11951.3,9559.4,116.9,0.985786789,0.21154987,34387981.7,20,15000,27:14.2
10,287.6,11905.6,9522.5,116.9,0.976478152,0.211501557,34074057.8,20,15000,27:15.2
10,286.7,11799.8,9434,116.9,0.953117541,0.212235027,33402448.9,20,15000,27:16.5
10,296.5,11480.6,9146.2,116.9,0.977132916,0.254994266,34329990.8,20,15000,27:17.6
10,296.5,11331.6,9021.4,116.9,0.965866123,0.255225118,34151909,20,15000,27:18.7
10,293.6,11234.5,8938.8,122.5,0.959423765,0.255468765,33912830.2,20,15000,27:19.8
10,293.6,11143.1,8861.6,122.5,0.948887357,0.255804286,33939964.8,20,15000,27:20.8
10,302.5,11096,8806.9,122.5,0.967141742,0.27164725,35681682.6,20,15000,27:21.9
10,300.5,11005.7,8731.1,122.5,0.958414294,0.271956024,35521742.4,20,15000,27:22.9
10,297.2,11003.8,8729.5,122.5,0.945941725,0.27137583,35272878.9,20,15000,27:23.9
10,297.6,11001.8,8728,122.5,0.93910878,0.270208465,35345767.2,20,15000,27:25.0
10,293.5,10900.6,8643.6,122.5,0.919477555,0.26984265,34909048.2,20,15000,27:26.0
10,288.8,10622.2,8389.6,116,0.910031389,0.27202658,34448085.3,20,15000,27:27.1
10,288.5,10525.7,8307.4,116,0.90383971,0.271996173,34521306.3,20,15000,27:28.1
10,286.3,10346.7,8155.8,116,0.888345029,0.272246861,34071685.7,20,15000,27:29.2
10,285.7,10201.2,8034.3,116,0.881536893,0.272772006,34151270.3,20,15000,27:30.3
10,285.8,10182.6,8019.5,116,0.871093081,0.272246677,33950479.3,20,15000,27:31.3
10,304.8,10046.9,7888.5,119.5,0.878146893,0.282672638,35130042.4,20,15000,27:32.4
10,302.4,9858.1,7726.8,121.8,0.873705854,0.283647714,34928757.3,20,15000,27:33.4
10,300.3,9763.5,7646.1,121.8,0.852706255,0.279985941,34066255.8,20,15000,27:34.5
10,297.2,9692.5,7585.5,121.8,0.838178819,0.27966722,33608850,20,15000,27:35.5
10,315,9626.2,7527.7,121.8,0.87179941,0.297929715,35192936.6,20,15000,27:36.6
10,310,9324.8,7109,121.8,0.847800806,0.296688126,34531070.8,20,15000,27:38.3
10,308.8,9059.4,7047.3,121.8,0.835224738,0.297559036,34579910.1,20,15000,27:39.4
10,306.8,8973.4,6974.2,121.8,0.824451812,0.296961675,34452997,20,15000,27:40.4
10,307.6,8808,6836.2,121.8,0.813358229,0.297183701,34192483.8,20,15000,27:41.4
10,309.8,8802.2,6830,118.5,0.832095839,0.305184381,35247200.6,20,15000,27:42.5
10,309.4,8811.5,6837.1,118.5,0.823756432,0.303614194,35243331.4,20,15000,27:43.5
10,305.8,8549.5,6614.3,122.5,0.796887513,0.302388182,34792618.9,20,15000,27:44.6
10,304.6,8515.5,6588.1,120,0.784195342,0.304580061,34721534.6,20,15000,27:45.6
10,303.3,8427.6,6514.1,119.8,0.779753247,0.304689117,34716369.3,20,15000,27:46.6
10,312.8,8631.2,6680.6,118.2,0.790595306,0.317680397,36148746.5,20,15000,27:47.7
10,310.6,8395,6482.3,121.6,0.770836939,0.317989587,35511042.7,20,15000,27:49.0
10,307.8,8103.7,6240.3,121.6,0.75811657,0.318314097,35224792.4,20,15000,27:50.1
10,307.7,7930.2,6091.9,121.6,0.746160406,0.319710247,35202293.2,20,15000,27:51.1
10,306,7677.5,5864.1,121.6,0.750715808,0.321636893,35167719.2,20,15000,27:52.2
10,304.7,7560.2,5764.4,121.6,0.748456807,0.320974619,35067276.6,20,15000,27:53.3
10,301.6,7469.3,5688.8,121.6,0.738355366,0.321757048,35155391.2,20,15000,27:54.3
10,298.8,7368,5602.7,121.6,0.721142345,0.322931096,34762578,20,15000,27:55.4
10,295.6,7007.3,5299.9,121.6,0.712984815,0.322407836,34479619.4,20,15000,27:56.4
10,310.1,7129.2,5399,120.5,0.736968341,0.334257442,35907780.6,20,15000,27:57.5
10,309.2,7128,5398.1,120.5,0.730400513,0.333965901,35895591,20,15000,27:58.5
10,303.3,6890,5200.2,120.5,0.708124416,0.333043469,35074153.1,20,15000,27:59.5
10,302.7,6785.8,5113.1,120.5,0.701148499,0.333461677,34722447.2,20,15000,28:01.0
10,300.7,6646.7,4999.2,124.8,0.686189076,0.332461306,33963200.6,20,15000,28:02.7
10,309.8,6745.7,5005.9,122.9,0.687123043,0.336309601,34746248.6,20,15000,28:04.4
10,309.8,6605.8,4952.5,126.1,0.677543006,0.336384321,34482774.9,20,15000,28:05.4
10,308.7,6544,4900.8,126.1,0.675607166,0.335608452,34388154.7,20,15000,28:06.5
10,315.2,6452.6,4817.2,126.1,0.698540024,0.367436734,34924360.1,20,15000,28:07.6
10,314.5,6415.1,4785.9,126.1,0.695190894,0.367200021,34690632.4,20,15000,28:08.6
10,314.1,6342.9,4725.5,126.1,0.692000543,0.368138257,34411729.3,20,15000,28:09.6
10,313.9,6305.6,4693.6,126.1,0.689258767,0.368701592,34077036.9,20,15000,28:10.7
10,328.3,6438.2,4794.7,135.3,0.718053105,0.385998732,35074128.4,20,15000,28:11.7
10,328.8,6438.5,4793.5,135.3,0.718297727,0.386521553,34971420.6,20,15000,28:12.8
10,329.2,6438.5,4793.5,135.3,0.720110069,0.388544336,34634420.1,20,15000,28:13.8
10,328.6,6427.5,4785.1,135.3,0.722595106,0.390403966,33999688.5,20,15000,28:15.1
10,328,6459.7,4809.2,135.3,0.722158456,0.390206989,33917402.9,20,15000,28:16.6
10,338.8,6760.6,5016.5,144.8,0.739757697,0.392419132,35409577.2,20,15000,28:17.7
10,339.2,6781,5031.9,144.8,0.740197954,0.392725468,35474333.1,20,15000,28:18.8
10,339.5,6779.9,5031,149.3,0.740950021,0.393279181,35516664.3,20,15000,28:19.8
10,340.8,6798.2,5044.5,153.5,0.744085149,0.395301117,35634554.8,20,15000,28:20.8
10,362.8,6983,5172.8,153.5,0.77426781,0.430229143,37782762.9,20,15000,28:21.9
10,363.1,7030.8,5208.4,153.5,0.774310309,0.42992314,37796623.6,20,15000,28:23.0
10,364.5,7077.8,5252.1,153.5,0.774276956,0.429730111,37789602.8,20,15000,28:24.0
10,364.7,7089.8,5252.1,153.5,0.776194412,0.43062273,37864452.9,20,15000,28:25.0
10,366.7,7111.6,5268.5,153.5,0.781085599,0.433112643,38142757.6,20,15000,28:26.1
10,378.4,7232.7,5347.4,152.5,0.818292484,0.470371711,39876953.5,20,15000,28:27.1
10,379.6,7268.9,5374.2,152.5,0.82288839,0.473286171,40091921.4,20,15000,28:28.1
10,380.2,7282.4,5384.2,152.5,0.823529979,0.473867764,40134133.5,20,15000,28:29.2
10,381.9,7283.2,5384.8,152.5,0.826320663,0.47481948,40280110.8,20,15000,28:30.2
10,383.9,7289.9,5389.7,152.5,0.832596947,0.478639204,40569205.8,20,15000,28:31.3
10,386.8,7582.5,5588.2,151.4,0.85032868,0.487585632,40908580.4,20,15000,28:32.3
10,387.7,7583.9,5589.3,151.4,0.850730828,0.488058839,40903947.8,20,15000,28:33.4
10,388.6,7571.8,5580.1,151.4,0.851884882,0.488823037,40984495.3,20,15000,28:34.4
10,386.9,7625.5,5619.9,151.4,0.848913257,0.486905503,40824819.7,20,15000,28:35.5
10,387.1,7656.8,5643,154.1,0.847456528,0.485956616,40759692.7,20,15000,28:36.5
10,412.3,8011.4,5912.8,157.2,0.88280801,0.496954429,42847901.4,20,15000,28:37.5
10,413.8,8020.3,5919.3,157.7,0.88469497,0.498127214,42922877.8,20,15000,28:38.6
10,414.1,8045.2,5937.6,158.3,0.884905102,0.497726176,42920064.3,20,15000,28:39.8
10,415.7,8099.5,5977.7,159,0.885584027,0.497783638,42951947.4,20,15000,28:41.1
10,425.5,8220.4,6068.8,152.7,0.913504419,0.513981162,43717496.8,20,15000,28:42.2
10,426.4,8247.2,6088.7,155.6,0.916733314,0.514916018,43903664.5,20,15000,28:43.2
10,427,8328.9,6149.6,158.5,0.920681866,0.517519328,44127402.3,20,15000,28:44.2
10,428.9,8350,6165.3,158.5,0.923736511,0.519253467,44302192.3,20,15000,28:45.3
10,429.5,8395.9,6199.7,158.5,0.925262736,0.521744912,44363474.9,20,15000,28:46.3
10,434.2,8563.6,6318.7,158.5,0.948921097,0.53912876,45564853.6,20,15000,28:47.4
10,436.9,8568.5,6321.8,158.5,0.954738343,0.542551418,45840478.9,20,15000,28:48.4
10,439,8597.1,6342.8,158.5,0.95776795,0.543983502,45969531.4,20,15000,28:49.5
10,440.3,8565.3,6319.2,158.5,0.958396891,0.544363407,45938490.7,20,15000,28:50.5
10,449.5,8766.8,6471.4,158.5,0.979661799,0.565044784,46762580.4,20,15000,28:51.6
10,449.3,8751.7,6460.5,158.5,0.978542816,0.564553032,46706764.4,20,15000,28:52.9
10,450.4,8792.6,6490.5,158.5,0.980210872,0.566033735,46815891.1,20,15000,28:54.8
10,449,8787.9,6487,158.5,0.977246555,0.563675014,46707765.5,20,15000,28:55.9
10,460.2,8952.1,6605.8,155.8,1.015665786,0.604248136,47803272.7,20,15000,28:56.9
10,462.5,9032.4,6664,153.1,1.019554224,0.605836598,48009248.7,20,15000,28:57.9
10,465.1,9017.2,6652.7,152.9,1.024874733,0.609018865,48236025.8,20,15000,28:59.0
10,467.1,9063.4,6686.8,152.6,1.032305211,0.613468196,48530665.1,20,15000,29:00.1
10,467.1,9076.9,6696.9,156.7,1.034227701,0.614121243,48625118.9,20,15000,29:01.1
10,476,9238.8,6817.3,155.8,1.062164722,0.638994814,49715230.7,20,15000,29:02.2
10,478.1,9307.9,6868.4,160.3,1.065584545,0.642425309,49868063.1,20,15000,29:03.2
10,478.7,9406,6941.9,160.3,1.065599431,0.64244772,49866582.5,20,15000,29:04.0
10,479.4,9470.2,6989,160.3,1.066871751,0.643061663,49913628,20,15000,29:05.0
10,480.4,9533.5,7035.9,160.3,1.067976686,0.64379121,49970238.7,20,15000,29:06.4
10,482.4,9516.8,7023.5,160.3,1.075404716,0.647854095,50305835.5,20,15000,29:07.6
10,491.1,9701.6,7147.2,160.3,1.092733083,0.663949529,51302110.5,20,15000,29:08.8
10,491.3,9698,7144.3,160.3,1.096245488,0.666055611,51512048.5,20,15000,29:09.9
10,493.9,9710.3,7153.1,160.3,1.099955395,0.669169305,51650543.8,20,15000,29:10.9
10,506,9894.2,7284.3,160.3,1.120556405,0.706774603,52641683,20,15000,29:11.9
10,505.7,9896.2,7285.8,160.3,1.125074582,0.708868914,52895900.7,20,15000,29:13.0
10,506.5,9864.1,7262.2,160.3,1.12561778,0.709051931,52931517.4,20,15000,29:14.1
10,507.5,9893,7283.5,160.3,1.124917682,0.709554047,52903914.6,20,15000,29:15.1
10,506.2,9891.4,7282.3,160.1,1.122518472,0.708500432,52739301.1,20,15000,29:16.2
10,524.6,10126.1,7453.5,158.2,1.158090808,0.739687439,54039020.3,20,15000,29:17.2
10,526.2,10211,7515.8,155.5,1.160306613,0.740329232,54169718.3,20,15000,29:18.2
10,527.6,10237.7,7535.3,160.8,1.166402934,0.74478795,54460368.5,20,15000,29:19.3
10,529.2,10299.7,7581.8,160.7,1.165462953,0.744888835,54392187.6,20,15000,29:20.7
10,528.7,10312.5,7590.9,160.7,1.168050853,0.746236736,54555844.5,20,15000,29:22.2
10,531.2,10386.6,7645,163.5,1.172156668,0.749253472,54634340.3,20,15000,29:23.5
10,545.9,10568.7,7777.5,162.2,1.210527806,0.785051978,56950432.7,20,15000,29:24.6
10,546.7,10596.8,7798.4,162.2,1.210405524,0.784977051,56949145.3,20,15000,29:25.6
10,557.5,10717.1,7883,160.2,1.231753178,0.799083535,57706026.1,20,15000,29:26.6
10,559,10727.7,7891.2,160.2,1.233916731,0.80011152,57837760.7,20,15000,29:28.3
10,560.8,10784.8,7932.8,160.2,1.240299921,0.804001381,58118334.5,20,15000,29:29.4
10,561.6,10788.7,7935.6,160.2,1.243379891,0.805914532,58273379.6,20,15000,29:30.4
10,561,10769.9,7921.7,160.2,1.244022174,0.80680495,58259510.4,20,15000,29:31.4
10,572.8,10940.5,8037.2,160.2,1.269954756,0.797921864,59135455.9,20,15000,29:32.5
10,573.6,10959.8,8051.6,160.2,1.271318109,0.798973775,59156385.5,20,15000,29:33.5
10,575.4,10970.1,8058.8,160.2,1.273657709,0.800289549,59295528,20,15000,29:34.6
10,576.8,10982.6,8067.8,160.2,1.283054378,0.806428026,59705378.7,20,15000,29:35.6
10,578.1,11022.6,8096.8,157.4,1.283693766,0.806832471,59732807.8,20,15000,29:37.0
10,592.4,11138.8,8184.5,160,1.325950343,0.830274386,61526816.1,20,15000,29:38.1
10,593.3,11161.5,8200.6,160,1.329263661,0.832009206,61655363.7,20,15000,29:39.4
10,595.4,11186.2,8218.8,160,1.333126951,0.83612388,61856706,20,15000,29:40.5
10,595.6,11205.4,8233,160,1.331407116,0.83449361,61784881.4,20,15000,29:41.7
10,609.2,11351.5,8332.5,158.6,1.348018268,0.846921255,62917525.2,20,15000,29:42.7
10,609.9,11363.2,8341.5,161.4,1.347208096,0.846128611,62916069.1,20,15000,29:43.7
10,609.6,11399.6,8368.4,161.4,1.349307887,0.847133334,63064048.1,20,15000,29:44.8
10,612.4,11473.1,8423.1,161.4,1.357524039,0.852364323,63442312.3,20,15000,29:45.8
10,616.9,11543.1,8468.7,161.4,1.386667013,0.869256038,64153901.3,20,15000,29:46.8
10,619.1,11600,8509.7,161.4,1.389704928,0.871088987,64268355.9,20,15000,29:47.9
10,619.5,11601.8,8510.7,164.2,1.389389206,0.870844495,64222988.3,20,15000,29:48.9
10,621.5,11624.5,8527.4,164.5,1.39493259,0.873123788,64407740.4,20,15000,29:50.0
10,622.9,11627.1,8529.3,167.6,1.392685399,0.87253257,64362622.6,20,15000,29:51.0
10,624.5,11651.2,8547.2,164.4,1.394555396,0.874012558,64492132.2,20,15000,29:53.0
10,636.1,12018.4,8812.7,162.3,1.429076321,0.896748069,65936316.1,20,15000,29:54.0
10,637.1,12083.6,8860.6,162.3,1.432670534,0.899790031,66095888.5,20,15000,29:55.1
10,638.2,12108.5,8878.6,162.3,1.441552183,0.904131959,66535255.7,20,15000,29:56.2
10,652.4,12245.2,8973.9,158.2,1.461343387,0.92374599,67872178.5,20,15000,29:57.2
10,651.8,12273.2,8994.4,158.2,1.465531151,0.926971529,68024805.1,20,15000,29:58.6
10,652.3,12334.2,9039.6,158.2,1.468603144,0.928815881,68147673.7,20,15000,29:59.7
10,654.8,12335.4,9040.4,158.2,1.473178395,0.932150871,68377498.1,20,15000,30:00.7
10,669.3,12532.6,9186.4,160.7,1.497096722,0.955775315,69813876.1,20,15000,30:01.7
10,669.1,12564.2,9209.6,161,1.494409236,0.954128525,69719399.2,20,15000,30:02.8
10,672.6,12610.1,9243.3,161.2,1.504074424,0.959154561,70074670.5,20,15000,30:03.8
10,673.2,12600.1,9235.8,164.1,1.500094735,0.956968932,69905767.3,20,15000,30:04.9
10,675.2,12561,9207.2,164.1,1.503456363,0.959039448,70021253.4,20,15000,30:05.9
10,675.2,12702.8,9310.6,161.2,1.524214244,0.969505348,70892724.9,20,15000,30:06.9
10,677.4,12746,9342.5,161.2,1.531337497,0.973766724,71203506.5,20,15000,30:08.0
10,676.8,12768,9358.4,161.2,1.5284528,0.97128707,71095284.8,20,15000,30:09.0
10,677.1,12842.5,9426.3,161.4,1.537510223,0.976876282,71485457.5,20,15000,30:10.2
10,678.9,12923,9471.9,161,1.543588664,0.98315402,71891757.2,20,15000,30:11.3
10,687.4,13117.1,9613.6,171.1,1.557159531,0.983767001,72158215.2,20,15000,30:12.4
10,688.3,13144.6,9633.5,171.1,1.559401687,0.985133908,72257337.7,20,15000,30:13.5
10,688.2,13100.8,9601.9,171.1,1.564182464,0.987987581,72444658.1,20,15000,30:14.5
10,688.4,13141.6,9632.3,171.1,1.561232375,0.985881394,72277459.5,20,15000,30:15.5
10,699.3,13293.8,9744,171.1,1.590235806,0.996329702,72626908.6,20,15000,30:16.6
10,701.4,13359,9791.9,171.1,1.592925804,0.998265042,72708048.4,20,15000,30:17.6
10,701.4,13339.2,9777.2,171.1,1.590677337,0.998296276,72631611,20,15000,30:18.7
10,702.8,13312.9,9757.8,171.1,1.598149859,1.002148807,73088070.6,20,15000,30:19.7
10,704.4,13359.4,9792.1,174.4,1.596922035,1.00049503,73066368,20,15000,30:20.8
10,710,13558,9942.3,182.6,1.623133752,1.009883413,74446570.9,20,15000,30:21.8
10,712.7,13575.1,9954.9,187.6,1.63123519,1.014366209,74706885.4,20,15000,30:23.1
10,714.9,13670.6,10025.5,190.8,1.637388775,1.017580602,74942396.1,20,15000,30:24.6
10,717.8,13652.2,10012.3,190.8,1.638465622,1.018441415,74987667.4,20,15000,30:25.8
10,723.2,13900.6,10197.5,190.8,1.656715078,1.024361152,76432815.4,20,15000,30:26.8
10,723.9,13891.7,10190.9,190.8,1.662549031,1.027376009,76745133.7,20,15000,30:27.8
10,725.5,13933.4,10220.6,190.8,1.664678665,1.028844558,76850857.2,20,15000,30:28.9
10,723.5,13932.6,10219.9,190.8,1.667017897,1.03131151,76751939.7,20,15000,30:29.9
10,723.2,13946.1,10230.2,190.8,1.67183583,1.034461631,76942702.3,20,15000,30:31.0
10,733.8,14126.7,10361.5,190.8,1.691228424,1.049466519,78062046.9,20,15000,30:32.0
10,735.5,14175.7,10398,190.8,1.691434244,1.049592146,78021147.5,20,15000,30:33.1
10,735.7,14205,10419.5,190.8,1.691230112,1.048951637,77982706.7,20,15000,30:34.1
10,737.1,14215.8,10427,190.8,1.693423107,1.050320048,78093706.9,20,15000,30:34.7
10,739.4,14268.4,10466,187.6,1.693965946,1.050921469,78089114.2,20,15000,30:35.7
10,741.4,14352.8,10528.5,190,1.693165704,1.049701191,78050722.1,20,15000,30:37.6
10,754.7,14375.6,10536.5,186.8,1.732969216,1.081331789,80369653.3,20,15000,30:39.1
10,756.8,14357,10522.9,186.5,1.737085061,1.083795769,80556975.3,20,15000,30:40.2
10,758.9,14407.9,10560.2,191.9,1.743142318,1.087240215,80942743.4,20,15000,30:41.2
10,765.3,14652.6,10728.7,203.5,1.754659661,1.095091801,81403534.1,20,15000,30:42.2
10,767.7,14683.7,10751.3,203.8,1.765127933,1.10157264,81746435.9,20,15000,30:43.3
10,768.5,14690.8,10756.5,204.2,1.76707526,1.103524529,81833162.1,20,15000,30:44.3
10,768.2,14719,10777.2,204.6,1.771239317,1.104944861,81969398.5,20,15000,30:45.4
10,768.5,14788,10827,204.9,1.783137059,1.113127399,82562918.4,20,15000,30:46.4
10,780.3,14974.5,10964,208.5,1.812599991,1.105440203,83752541.2,20,15000,30:47.5
10,779.9,15021.9,10998.5,208.5,1.806861424,1.101402235,83499318.6,20,15000,30:48.5
10,782.7,15053.2,11021.7,208.5,1.812684863,1.105476187,83801673.3,20,15000,30:49.5
10,785.1,15102.7,11058,208.5,1.811296304,1.105040573,83973724.9,20,15000,30:50.6
10,788.1,15133,11080.4,208.5,1.821563279,1.110020259,85382357.9,20,15000,30:51.7
10,802.2,15260,11170.1,200,1.84680261,1.108087377,85447803.4,20,15000,30:53.2
10,804.2,15263,11172.1,200,1.852777434,1.111450902,85710538.8,20,15000,30:54.2
10,806.4,15232.2,11149.6,200,1.854965399,1.112662925,85838901.2,20,15000,30:55.3
10,807.5,15250.8,11162.9,200,1.854182041,1.112176848,85764121.2,20,15000,30:56.3
10,817.7,15422.8,11284.5,200,1.874903032,1.127531232,86864312,20,15000,30:57.4
10,819.2,15479.4,11328.4,185.4,1.874698286,1.127404665,86853675.8,20,15000,30:58.5
10,817.6,15523.7,11360.4,185.7,1.873222791,1.126474786,86740508.5,20,15000,30:59.5
10,819.2,15585.4,11408.3,186,1.879595506,1.129843966,86966710,20,15000,31:00.5
10,826.6,15577.9,11405,186.3,1.900314592,1.145143431,87690050.8,20,15000,31:01.6
10,828.9,15679.7,11483.1,186.6,1.911302193,1.153247191,88063262.9,20,15000,31:02.6
10,829,15693.9,11497.4,187,1.908440937,1.151360448,87918962.5,20,15000,31:03.8
10,822.8,15538,11371,172,1.909899888,1.154460832,87822239,20,15000,31:05.3
10,820.4,15487.3,11358.8,172,1.904544675,1.153566396,87568085,20,15000,31:06.5
10,831.8,15727.3,11525.7,166,1.942033117,1.183308191,89801781.9,20,15000,31:07.6
10,832.6,15681.3,11493.7,166.3,1.941765381,1.181310983,89712227.8,20,15000,31:08.6
10,832.7,15630.5,11457,166.6,1.941562946,1.183645557,89762186.8,20,15000,31:10.2
10,827.5,15593.8,11434.3,169.5,1.933604948,1.180221582,89552401.5,20,15000,31:11.3
10,823.4,15747.1,11540.1,169.5,1.950877653,1.183449532,89700503.9,20,15000,31:12.3
10,824.2,15693.5,11503.3,169.5,1.95203247,1.18323815,89771169.7,20,15000,31:13.4
10,821.2,15546,11403.4,169.5,1.946469886,1.18328608,89774539.1,20,15000,31:14.4
10,818.4,15501,11375,169.5,1.943218926,1.18360382,89718680.9,20,15000,31:15.4
10,812.2,15490.1,11373.3,169.5,1.936809157,1.180359218,89534366.3,20,15000,31:16.5
10,818.8,15512.5,11403.3,169.5,1.956473508,1.184511143,90318929.6,20,15000,31:17.6
10,815.1,15546.1,11427.9,169.5,1.94600599,1.183762209,90232772.8,20,15000,31:18.7
10,815.9,15525.2,11413.9,169.5,1.940453792,1.175116243,90188883.6,20,15000,31:20.7
10,816.4,15532,11420.3,136.3,1.94937112,1.172185673,90329193.7,20,15000,31:21.8
10,814.7,15503.7,11400,136.3,1.951016556,1.17168489,90298235.8,20,15000,31:22.8
10,811.4,15472.3,11378.5,134.6,1.946039298,1.171573569,89820705.8,20,15000,31:23.8
10,811.3,15417.2,11337.6,134.4,1.940907946,1.170100618,89795789.6,20,15000,31:24.9
10,808.9,15398.3,11323.8,134.2,1.936102809,1.169074052,89492158.7,20,15000,31:25.9
10,822,15614,11486.3,136.6,1.956751508,1.179943129,89855352.4,20,15000,31:27.0
10,820.6,15616.7,11488.3,105.2,1.954909476,1.178080144,89694370.5,20,15000,31:28.1
10,824.3,15567,11452.4,105.4,1.953041553,1.178755158,89733566.8,20,15000,31:29.1
10,820.3,15530.3,11425.6,107.1,1.9483082,1.179073716,89707331.4,20,15000,31:30.2
10,818.5,15521.2,11417.5,107.1,1.945261726,1.177419199,89547092.3,20,15000,31:31.2
10,823.9,15474.9,11374.5,107.1,1.949608875,1.175660988,90359350,20,15000,31:32.3
10,823,15445.9,11342.1,107.1,1.948540823,1.173181067,89674885.5,20,15000,31:33.7
10,819.2,15436.9,11332.6,105.3,1.945177385,1.177574032,90137553.3,20,15000,31:35.0
10,820,15460.4,11346.3,105.1,1.942132713,1.176105102,89997829.9,20,15000,31:36.1
10,831.9,15509.2,11372.3,105.1,1.95916582,1.18758194,91349611.1,20,15000,31:37.1
10,832.3,15531.6,11387.3,105.1,1.962290639,1.191760247,91549892.6,20,15000,31:38.2
10,832.6,15505,11367.8,105.1,1.96609308,1.196135605,91145898.6,20,15000,31:39.2
10,828.2,15401.1,11291.7,105.1,1.959935893,1.191452613,90851217.7,20,15000,31:40.2
10,826.7,15275.9,11199.2,105.1,1.949202971,1.184475029,90259329.3,20,15000,31:41.3
10,831.3,15422.3,11297.8,105.1,1.964124202,1.175923783,90009847.6,20,15000,31:42.3
10,829.1,15411.9,11288.9,103.4,1.966616219,1.180195732,89852981.2,20,15000,31:43.4
10,829.6,15396.5,11279.7,103.3,1.966225975,1.180843428,89772689,20,15000,31:44.4
10,829.5,15353.4,11246.8,103.1,1.95720133,1.169308417,89638430,20,15000,31:45.4
10,830.6,15333.7,11233,100,1.956166157,1.169250415,89425971.3,20,15000,31:46.5
10,836.2,15471.7,11321.3,99.8,1.979873191,1.169640915,90045529.6,20,15000,31:47.5
10,835.2,15424.8,11290.3,99.8,1.972992871,1.157334317,89742625.4,20,15000,31:48.8
10,830.8,15421.9,11288.2,98.1,1.968615052,1.156559583,89153638.9,20,15000,31:49.8
10,824.8,15349.9,11246,96.6,1.960175199,1.143053504,88789420.9,20,15000,31:50.9
10,829.3,15434.7,11318.4,98.1,1.98256531,1.157389254,89531823.8,20,15000,31:51.9
10,826.1,15436.6,11320.1,97.9,1.981561112,1.158610446,89337647,20,15000,31:53.0
10,822.1,15431.4,11319.1,97.7,1.978120688,1.150499593,88892926,20,15000,31:54.0
10,820.7,15418.8,11311,97.5,1.970573565,1.14232639,88669776.2,20,15000,31:55.3
10,820.8,15328.7,11254,97.3,1.966903445,1.138285973,88757638.4,20,15000,31:56.4
10,829.4,15509.4,11374.4,96,1.981773455,1.1514358,89939570.6,20,15000,31:57.4
10,827.4,15458.9,11336.7,96,1.972045811,1.140698431,89685996.5,20,15000,31:58.5
10,826.3,15456.5,11332.2,94.5,1.966694457,1.125605951,89978375,20,15000,31:59.6
10,824.8,15454.8,11330.1,94.3,1.961534353,1.124229887,89831861.9,20,15000,32:00.6
10,831.4,15577.2,11399.7,93.9,1.981518987,1.129276087,91060277.1,20,15000,32:01.7
10,831,15553.9,11382.7,93.9,1.981272816,1.128585485,91005816.4,20,15000,32:02.7
10,831.3,15530.8,11361.4,93.9,1.979551285,1.132513717,90789217.5,20,15000,32:03.7
10,831.3,15530.8,11361.4,93.9,1.979535337,1.132503947,90788440.7,20,15000,32:03.8
10,829.2,15512.2,11346,93.9,1.974298343,1.132655885,90350933.1,20,15000,32:04.9
10,828,15532,11360.3,93.9,1.972427777,1.135742669,89825053.6,20,15000,32:05.9
10,836.5,15622.6,11423.3,93.9,1.990511751,1.144532846,90130584.9,20,15000,32:07.0
10,834.6,15596.1,11404.1,93.9,1.987481302,1.146844539,89881905.8,20,15000,32:08.0
10,832.1,15551.6,11364.6,96.6,1.982218396,1.142877041,89574640.2,20,15000,32:09.0
10,830.6,15534.1,11354.3,97.6,1.979206598,1.141546328,89463706.7,20,15000,32:10.1
10,827.4,15475.4,11311.6,97.4,1.976132146,1.141846836,89220539,20,15000,32:11.1
10,838.3,15521,11348.2,96.2,1.988778056,1.154131073,89732078,20,15000,32:12.2
10,835.8,15509,11338.8,96.2,1.986481853,1.152801948,89497644.7,20,15000,32:13.2
10,833.3,15497,11326,96.2,1.981610346,1.151712329,89653338.2,20,15000,32:14.2
10,831.5,15484.6,11317,94.7,1.980907657,1.150531137,89634138.4,20,15000,32:15.3
10,827.1,15466.4,11298.3,94.5,1.975661504,1.146819568,89378483.7,20,15000,32:16.3
10,838,15633.2,11436,93.6,1.977008431,1.155288319,90729337.9,20,15000,32:17.4
10,840.5,15592.7,11400.2,93.6,1.982732225,1.158402156,90810425.3,20,15000,32:18.6
10,838.7,15568.6,11382.7,93.6,1.982570337,1.159539126,90658856.2,20,15000,32:19.7
10,840.2,15567,11381.1,93.6,1.986570637,1.162656695,90848840,20,15000,32:20.7
10,837.2,15605.2,11417.7,93.6,1.985249847,1.160544249,90533452,20,15000,32:21.7
10,833.1,15503.6,11331.6,93.6,1.982719946,1.160459159,90263250.7,20,15000,32:22.8
10,834.6,15501.6,11324.2,93.6,1.979829204,1.160104105,90015709.3,20,15000,32:23.8
10,831.7,15482.6,11306,97.8,1.972937818,1.154853147,89639563.3,20,15000,32:24.9
10,829.3,15495.7,11314.1,98,1.969797208,1.154780966,89341200.7,20,15000,32:25.9
10,832.8,15547.8,11357.2,96.9,1.990110244,1.157227615,90054949.2,20,15000,32:26.9
10,833.8,15549,11355.5,96.9,1.989836332,1.157626558,90094434.3,20,15000,32:28.0
10,834.6,15546.3,11353.6,96.9,1.985897718,1.155103633,89770210.8,20,15000,32:29.0
10,833.8,15482.7,11299.6,96.9,1.980735372,1.154074775,89344968.6,20,15000,32:30.2
10,829,15414.2,11246.9,95.3,1.973310282,1.150573656,89017609.9,20,15000,32:31.2
10,841.1,15626.9,11410.1,94.4,1.986436456,1.157083367,90185979.2,20,15000,32:32.3
10,838.7,15631.2,11409.8,94.4,1.984460093,1.157764183,89974153.4,20,15000,32:33.4
10,837.6,15628.3,11407.7,94.4,1.980939408,1.158208003,89830738.6,20,15000,32:34.4
10,839.5,15600.9,11386.8,94.4,1.977581768,1.167618316,89546909.7,20,15000,32:36.0
10,854.5,15560.1,11354.4,94.4,1.989218317,1.182465333,90172112.4,20,15000,32:37.1
10,859,15557.1,11350.1,94.4,1.993777027,1.184779593,90415046.3,20,15000,32:38.1
10,860.4,15419.8,11245.9,94.4,1.996332992,1.187506484,90575327.2,20,15000,32:39.1
10,859,15478.8,11286.1,95,1.991941518,1.18621038,90533213,20,15000,32:40.2
10,855.5,15435.7,11252.8,95,1.988269719,1.184154255,90276414.2,20,15000,32:41.2
10,863.1,15615,11384.2,95,1.993430382,1.199288817,91048718.8,20,15000,32:42.3
10,860.5,15562,11342.2,95.9,1.984908028,1.197420566,90865801.9,20,15000,32:43.4
10,859.1,15584.3,11359.1,95.7,1.981311583,1.19784041,90492368.1,20,15000,32:44.5
10,857.5,15591.6,11362.4,95.6,1.980538139,1.200365437,90444824.7,20,15000,32:45.5
10,855.4,15556.6,11336.8,95.4,1.969939296,1.195021564,89933538.9,20,15000,32:46.6
10,862.3,15739.8,11474.1,98,1.980208511,1.203269812,90949018.1,20,15000,32:47.6
10,862.7,15700.6,11444.1,98,1.972709363,1.19293228,90810481.9,20,15000,32:48.7
10,860.9,15710.3,11450.2,98,1.969503135,1.196117541,90697382.3,20,15000,32:49.8
10,860.5,15702,11444.2,98,1.967985122,1.188589337,90523450.5,20,15000,32:50.8
10,867.5,15777.8,11511.8,96.3,1.974665083,1.177798596,90643270,20,15000,32:51.9
10,867.9,15759.5,11497.2,85.7,1.976073022,1.178724948,90819010.4,20,15000,32:52.9
10,865.8,15735.8,11480,85.7,1.976288201,1.183720797,90858146.1,20,15000,32:54.0
10,865.8,15721.1,11467.2,85.7,1.977671793,1.184900817,90783638.1,20,15000,32:55.0
10,865.2,15715.8,11463.4,85.7,1.973963455,1.182882538,90767872,20,15000,32:56.0
10,875.9,15745,11496.4,84.5,1.98188356,1.177918081,91550279.7,20,15000,32:57.1
10,875.8,15716.2,11478,84.5,1.977788164,1.177344243,91190304.1,20,15000,32:58.6
10,873.7,15710.2,11476.5,73.7,1.971919189,1.172861039,91057529.6,20,15000,32:59.7
10,873.6,15713.6,11466.2,73.7,1.965334165,1.166345031,90775520.6,20,15000,33:01.5
10,870.5,15787.3,11546.1,73.7,1.978421307,1.159494479,91454896.5,20,15000,33:02.6
10,864,15784.5,11544.1,73.7,1.975595778,1.160312077,90686287.8,20,15000,33:03.6
10,860.5,15774.2,11537.4,73.7,1.970509843,1.157226464,90431310.7,20,15000,33:04.6
10,853.3,15745.8,11516.7,73.7,1.960678042,1.135398221,89755510.2,20,15000,33:05.7
10,853.8,15757.8,11538.8,85.6,1.969549303,1.12463348,89450180.1,20,15000,33:06.7
10,846,15727.6,11516.7,85.6,1.963279922,1.119910815,88739691.3,20,15000,33:07.8
10,846.6,15719.4,11510.7,84,1.962981065,1.121734688,88696027.6,20,15000,33:08.8
10,846.9,15687.7,11489.5,82.9,1.957579794,1.119674847,88609330.9,20,15000,33:09.9
10,848,15676.1,11481.6,82.8,1.95718594,1.117385197,88707451.6,20,15000,33:10.9
10,867.5,15682.6,11502.2,96.5,1.975643521,1.116482212,90485756.1,20,15000,33:11.9
10,868.3,15634,11467.4,96.5,1.974195776,1.111807467,90335680.8,20,15000,33:13.7
10,867,15606.4,11444.2,94.4,1.964563658,1.107241298,90255378.8,20,15000,33:15.0
10,866.4,15536.6,11398.4,95.9,1.958764876,1.107313432,90228620.8,20,15000,33:16.1
10,868.1,15661.4,11458.6,95.9,1.968847145,1.11230549,91137967.8,20,15000,33:17.2
10,862.5,15684.8,11471.1,95.9,1.966797397,1.114283862,91072850.2,20,15000,33:18.2
10,861,15609.3,11416.8,95.9,1.965715753,1.116636229,90691808.2,20,15000,33:19.3
10,857.7,15625.7,11429.1,94.5,1.962019672,1.116433881,90279559.2,20,15000,33:20.3
10,855.6,15593.2,11405.2,94.3,1.96126727,1.118736012,90279799.2,20,15000,33:21.4
10,862.6,15689.4,11468.2,113.9,1.971982608,1.121080298,90467702.9,20,15000,33:22.4
10,859.8,15644.3,11436.4,113.9,1.965695473,1.114904754,90302891.3,20,15000,33:23.4
10,859.2,15642.3,11428.3,113.9,1.968968428,1.11409892,90683622.9,20,15000,33:24.5
10,859.5,15614,11407.3,113.9,1.95979773,1.114556492,90828091.4,20,15000,33:25.5
10,860.6,15669,11448.9,116.7,1.973036638,1.112970224,90831785,20,15000,33:26.6
10,862.2,15666.3,11446.9,116.7,1.975014975,1.113672699,90923497,20,15000,33:27.6
10,862.3,15665.9,11446.6,116.7,1.975013566,1.113672656,90923826.6,20,15000,33:27.8
10,861.6,15630.9,11422.5,116.7,1.969460634,1.110046137,90808624.1,20,15000,33:28.8
10,862.4,15579.9,11386.1,116.7,1.96420513,1.100992239,90869053.3,20,15000,33:29.9
10,859.3,15499.1,11328.2,116.7,1.955288943,1.093612282,90460709,20,15000,33:31.4
10,863.7,15494.3,11321.5,118.9,1.976320831,1.098477689,91369141.6,20,15000,33:32.5
10,866.2,15486.8,11293.9,118.9,1.967606766,1.095465842,90736002.1,20,15000,33:34.0
10,864,15474.5,11301.9,118.9,1.964076028,1.089983881,90546847,20,15000,33:35.1
10,862.5,15486.4,11311.6,117.1,1.961910491,1.087754408,90394783.6,20,15000,33:36.1
10,850.5,15577.9,11379.8,116.9,1.966299731,1.0852665,89962367,20,15000,33:37.1
10,848.2,15604.7,11399.4,114.7,1.95921063,1.075810846,89799217.3,20,15000,33:38.2
10,846.7,15553.7,11363.1,114.3,1.957892528,1.071120128,89859882.8,20,15000,33:39.3
10,843.4,15545.6,11357.2,114.4,1.951504453,1.066137354,89882464.1,20,15000,33:40.3
10,844.9,15483.9,11308.3,114.2,1.940282425,1.059328462,89602499,20,15000,33:41.4
10,860.3,15520,11334,151.2,1.970319993,1.067631259,90854466.5,20,15000,33:42.4
10,860.6,15514.9,11333.2,153.6,1.967702922,1.062374611,90786108.1,20,15000,33:43.5
10,863,15474.8,11303.8,153.6,1.970897657,1.062544514,90976432.3,20,15000,33:44.5
10,860.9,15410.9,11257.5,153.6,1.970010973,1.055312066,90943291.1,20,15000,33:45.5
10,868.3,15530.4,11352.7,153.6,1.968996003,1.044777572,91901575.2,20,15000,33:46.6
10,870.1,15527.7,11350.8,153.6,1.968662638,1.044872279,91739413.5,20,15000,33:47.6
10,869.4,15518.6,11347.1,153.6,1.967187538,1.034540786,91835802.7,20,15000,33:48.7
10,869.1,15383.9,11256.8,153.6,1.964355226,1.031804767,91602826.9,20,15000,33:50.1
10,864.5,15338.2,11240.2,153.6,1.958234897,1.027081603,91198778.8,20,15000,33:52.0
10,874.1,15461.5,11318.7,153.6,1.957116442,1.004047607,92190413.3,20,15000,33:53.0
10,874.2,15436.3,11301.9,151.1,1.952423716,0.990919132,92216614.2,20,15000,33:54.0
10,870.9,15409.1,11280.6,150.9,1.946132999,0.984784633,91553139.5,20,15000,33:55.1
10,868.2,15365.8,11246.8,148.3,1.941675602,0.975615838,91178120.6,20,15000,33:56.1
10,865.9,15450.9,11310.8,159,1.947691276,0.977066559,90907781.5,20,15000,33:57.2
10,867.2,15432.2,11295.4,159.1,1.94591959,0.973488745,90920208.7,20,15000,33:58.5
10,867.5,15423.8,11290.4,161.7,1.943903018,0.962274464,90810322.1,20,15000,33:59.5
10,862.6,15418.2,11288.5,163.8,1.93958061,0.955977775,90780194.9,20,15000,34:00.5
10,866.6,15501.5,11355.2,176.2,1.956088048,0.986590095,91266636.8,20,15000,34:01.6
10,866.3,15501.9,11357.2,176.2,1.955878559,0.986454103,91255734,20,15000,34:02.6
10,864.9,15481,11342.5,176.2,1.954333341,0.984936069,91168269.1,20,15000,34:03.7
10,863.2,15459,11325.7,176.2,1.949797258,0.97774177,90901451.6,20,15000,34:04.7
10,863.3,15430.8,11305.7,176.2,1.949344135,0.976224527,91161698.8,20,15000,34:05.7
10,860.3,15382.7,11320.6,176.2,1.953034729,0.96847546,92364020.9,20,15000,34:06.8
10,865.3,15461.3,11335.5,176.2,1.945801645,0.969862855,92297832.3,20,15000,34:08.0
10,864.4,15462.1,11338,176.2,1.942926462,0.968584979,92179351.5,20,15000,34:09.1
10,864.2,15430.4,11299.5,176.2,1.941808555,0.969097169,92015001.1,20,15000,34:10.3
10,858.5,15400.7,11295.2,173.6,1.930149356,0.972573674,91420148.2,20,15000,34:11.4
10,863.6,15501.4,11380.2,173.2,1.943922245,0.968416047,92449740.2,20,15000,34:12.7
10,866.6,15433.6,11333.5,170.1,1.936970493,0.957154076,91820186.6,20,15000,34:13.8
10,865.1,15400.4,11309.8,169.4,1.934087276,0.9558792,91693202,20,15000,34:14.8
10,859,15393.2,11305.5,171.2,1.927569702,0.949117765,91321833.8,20,15000,34:15.9
10,857.2,15490.5,11396.6,184.2,1.933519867,0.95052511,91525003.3,20,15000,34:16.9
10,855.5,15489.3,11397.4,184.2,1.930747536,0.952545335,91361596.2,20,15000,34:17.9
10,854.9,15426.3,11352.8,188.1,1.929269859,0.953180777,91318621.7,20,15000,34:19.0
10,853.3,15398.5,11332,188.1,1.92706877,0.953866761,91367091.1,20,15000,34:20.0
10,853.7,15376.9,11321.6,188.1,1.923195229,0.963884956,91601730.9,20,15000,34:21.1
10,861.9,15466.6,11398.4,188.1,1.925773318,0.958783609,92003484,20,15000,34:22.1
10,856.6,15467,11397.8,188.1,1.919118164,0.9543068,91570084.2,20,15000,34:23.3
10,851.9,15414.3,11359.8,188.1,1.911209858,0.951601876,91284604.4,20,15000,34:24.6
10,850.4,15357,11314.4,193.1,1.906870807,0.947496275,90775980.9,20,15000,34:25.8
10,854.6,15474.8,11393,197.1,1.919374316,0.940357854,91430907.2,20,15000,34:26.8
10,847.5,15475.5,11392.4,197.1,1.91293626,0.938764848,91134275.2,20,15000,34:27.8
10,843.3,15450.7,11380,197.1,1.908674486,0.933486488,90666918.9,20,15000,34:28.9
10,843.7,15351.5,11309.8,197.1,1.909994029,0.932958824,90979554.7,20,15000,34:29.9
10,846.4,15325.2,11290.3,197.1,1.91021407,0.931622877,91084506.6,20,15000,34:31.0
10,855,15440.1,11373.8,205.1,1.923984443,0.936758974,92389748.2,20,15000,34:32.0
10,853.7,15466.6,11396.4,205.1,1.916432447,0.929130522,92293694.5,20,15000,34:33.0
10,855.7,15441.2,11376.7,208.2,1.911670632,0.922715696,92537976,20,15000,34:34.1
10,855.3,15409.8,11353.6,211.6,1.910637616,0.921668469,92474608.6,20,15000,34:35.1
10,852.1,15375.5,11329.3,211.6,1.899674194,0.912479265,91828285.1,20,15000,34:36.9
10,854.8,15459.7,11383.3,210.9,1.916304385,0.915415481,92435274.5,20,15000,34:38.0
10,852.5,15450.5,11377.2,210.9,1.916007743,0.915445329,92249808.3,20,15000,34:39.0
10,851.2,15450.5,11377.2,210.9,1.917086912,0.913953535,92122376.7,20,15000,34:40.0
10,848.1,15368.7,11317,216.2,1.913357579,0.906882023,91761260.6,20,15000,34:41.1
10,849.5,15355.9,11305.8,211.7,1.921205575,0.909204212,91883955.1,20,15000,34:42.2
10,843.5,15308.7,11271.5,211.7,1.915735126,0.898487059,91077515.5,20,15000,34:43.2
10,844.3,15268,11242.4,211.7,1.910237341,0.891401789,90864238.3,20,15000,34:44.2
10,842.5,15226.1,11212.3,211.7,1.90275015,0.883184187,90527767.9,20,15000,34:45.3
10,842.6,15209.4,11200.7,211.7,1.901279694,0.883993834,90413478.3,20,15000,34:46.3
10,845.6,15323.3,11308.3,211.7,1.910790161,0.890825059,90634410.3,20,15000,34:47.4
10,845.8,15313.2,11299.8,211.7,1.91053254,0.890855911,90685440.5,20,15000,34:48.4
10,844,15276.4,11276.7,211.7,1.908039576,0.889592239,90679894.4,20,15000,34:49.7
10,838.7,15294.5,11290.3,211.7,1.90447997,0.888603199,90492958,20,15000,34:50.7
10,836.8,15264.6,11266.5,202.9,1.887537808,0.880577758,89869935.2,20,15000,34:52.8
10,846,15324.2,11306.4,202.2,1.905654561,0.895633738,91286969.3,20,15000,34:53.9
10,845.2,15257.8,11258.1,201.8,1.900847408,0.890938396,91361518.7,20,15000,34:54.9
10,848.6,15252.3,11254.1,202.3,1.901726614,0.889876263,91555633.6,20,15000,34:55.9
10,859.8,15398.2,11356.8,197.6,1.923857122,0.929798285,92308999.3,20,15000,34:57.0
10,855.7,15398.2,11356.8,197.6,1.920132851,0.931827748,92435296.7,20,15000,34:58.2
10,856.9,15316.3,11296.8,197.6,1.922291273,0.932786018,92543914.7,20,15000,34:59.3
10,855.6,15282.6,11272.4,197.6,1.918553602,0.930251532,92434519,20,15000,35:00.3
10,855.5,15230.1,11233.6,197.6,1.918783143,0.931223572,92215457.9,20,15000,35:00.5
10,852,15159.2,11179.2,197.6,1.911918374,0.929340136,91414819,20,15000,35:01.5
10,855.7,15201.7,11204.6,197.6,1.925638832,0.952708482,91692374,20,15000,35:02.6
10,858.6,15186.8,11192.5,197.6,1.92657592,0.955582069,91742403.6,20,15000,35:03.6
10,858.4,15175.3,11183,197.6,1.922149583,0.954639015,91683577.5,20,15000,35:04.7
10,856.5,15160.6,11171.5,188,1.919391961,0.953472903,91526957,20,15000,35:05.7
10,860,15307.3,11287.4,181.1,1.93023744,0.965884773,92003128.7,20,15000,35:06.8
10,860,15282.3,11266.5,181.1,1.92790403,0.96567787,91797822.6,20,15000,35:07.9
10,859.8,15279.6,11264.4,183,1.926115017,0.964362452,91557916.9,20,15000,35:09.2
10,857.6,15268.4,11253.9,183,1.916159016,0.949567386,90669738.1,20,15000,35:10.7
10,859.6,15272.3,11258.5,183,1.927158891,0.945877636,92320821.6,20,15000,35:11.8
10,862.9,15277.4,11262.3,183,1.92622695,0.951242666,92290016,20,15000,35:12.8
10,865.2,15278.4,11267.4,183,1.925407071,0.947540526,92165700.3,20,15000,35:13.9
10,862.4,15275.4,11264.7,183,1.921778775,0.939431248,91917485.3,20,15000,35:14.9
10,864,15219.2,11223.6,183,1.922854144,0.940925616,92165601.7,20,15000,35:16.0
10,861.5,15180.6,11194.7,183,1.917324727,0.940862749,91804218.1,20,15000,35:17.1
10,870.6,15283.3,11280.9,178.2,1.929018394,0.930329368,92048126.9,20,15000,35:18.2
10,870.3,15253.5,11258.5,178.5,1.928518663,0.929396612,92131510.6,20,15000,35:19.2
10,868.6,15238.3,11253,178.8,1.925544269,0.928388629,91883577.4,20,15000,35:20.3
10,868.2,15200,11228.3,174,1.924286842,0.924194774,91897427.9,20,15000,35:21.3
10,865.2,15274.9,11289.3,176.5,1.92880743,0.922995732,91600897.4,20,15000,35:22.3
10,863.1,15252.5,11272.5,173.2,1.922668872,0.918583985,91805638.9,20,15000,35:23.4
10,864.5,15264.8,11281.7,172.6,1.922697781,0.918060137,91796842.2,20,15000,35:24.4
10,864.2,15261.1,11280.3,171.9,1.922002974,0.917734548,91763233.9,20,15000,35:25.5
10,862.1,15285.7,11302.4,194.5,1.9246496,0.911843731,91947322.2,20,15000,35:26.6
10,859.1,15293.1,11305.7,194.5,1.916799395,0.913938305,91241436.8,20,15000,35:27.6
10,855.1,15293.5,11305.6,194.5,1.910387498,0.91601786,90875997.6,20,15000,35:28.7
10,851,15267.9,11289.2,194.5,1.900444499,0.913155852,90450647.4,20,15000,35:29.7
10,846.2,15229.2,11263.5,194.5,1.890561712,0.914216863,90349944.9,20,15000,35:30.8
10,857.1,15267.1,11296.8,194.5,1.917007828,0.928048961,91230482.9,20,15000,35:31.8
10,854.9,15300.8,11322.3,194.5,1.914483265,0.930614957,91151373.1,20,15000,35:32.9
10,856,15296.6,11319.7,194.5,1.915613139,0.932938546,91462809.5,20,15000,35:33.9
10,855.7,15256.1,11288.5,194.5,1.915436576,0.932207825,91428096.6,20,15000,35:35.0
10,852.3,15168,11221.1,194.5,1.912494724,0.92449531,91356635.7,20,15000,35:36.0
10,856.2,15298,11317.6,194.5,1.921007101,0.937857202,91575491.2,20,15000,35:37.1
10,855.2,15296.5,11318.3,202.9,1.91627767,0.937425013,91364879.4,20,15000,35:38.3
10,854.5,15218.2,11259.8,202.9,1.913286976,0.93766905,91125313.2,20,15000,35:39.4
10,852.6,15195.6,11246.9,199.5,1.906442723,0.930821699,90829236.5,20,15000,35:40.5
10,847.5,15159,11223.4,199.1,1.900140997,0.928652147,90482441.8,20,15000,35:41.5
10,850.5,15303.7,11323.2,195.3,1.901613841,0.936761254,91017492.4,20,15000,35:42.6
10,850.6,15296.2,11318,194.6,1.900065688,0.936582478,90748284.4,20,15000,35:43.6
10,845.9,15203.7,11255.1,193.9,1.895728661,0.93230677,90318134.3,20,15000,35:44.7
10,844.1,15129,11206,193.2,1.89189538,0.927730551,90210118.5,20,15000,35:45.7
10,843.9,15388.7,11381.8,201.2,1.898714341,0.942696153,90407224.9,20,15000,35:46.8
10,845.1,15367.5,11373.5,201.2,1.902777443,0.943608769,90638698.8,20,15000,35:47.8
10,843,15361.2,11366,203.6,1.896299596,0.938424582,90405335.2,20,15000,35:48.8
10,843.5,15317.6,11338.5,207.2,1.892210535,0.93263273,90465632.2,20,15000,35:49.9
10,840.8,15297.2,11325,212.3,1.888605317,0.928728446,90218485.5,20,15000,35:50.9
10,848,15340.5,11353.3,212.3,1.898842827,0.939387955,91513480.6,20,15000,35:51.9
10,847.9,15322.2,11339.5,212.3,1.896522072,0.937608184,91227442.3,20,15000,35:53.0
10,847.9,15321.6,11339.2,212.3,1.894470603,0.936609802,91145845.5,20,15000,35:54.0
10,846.4,15290.4,11309.2,212.3,1.889106773,0.936833874,90807635.2,20,15000,35:55.1
10,844.1,15289.8,11310.2,212.3,1.881505489,0.933690431,90322565.7,20,15000,35:56.1
10,848.5,15450.6,11442.5,207.6,1.89050199,0.948167899,90236627.8,20,15000,35:57.2
10,846.9,15455.1,11425.8,207.6,1.88097116,0.946839359,89739347.6,20,15000,35:58.7
10,848.1,15406.1,11406.3,204.2,1.880152442,0.947608577,89920743.4,20,15000,35:59.8
10,844.9,15343.7,11359.6,203.8,1.871283541,0.944625599,89576622.9,20,15000,36:00.8
10,834.8,15403.2,11418.3,202.1,1.885184192,0.944151297,89701559.5,20,15000,36:01.8
10,837.9,15357.9,11382.2,202.1,1.879428728,0.943734156,89640162,20,15000,36:02.9
10,834.8,15350.1,11377.5,202.1,1.87467757,0.943366718,89448163.4,20,15000,36:04.0
10,834.9,15304.6,11342.7,202.1,1.87159776,0.94393755,89512936,20,15000,36:05.0
10,827.5,15292.5,11335.3,206.3,1.860630195,0.937604734,89234403,20,15000,36:06.2
10,845.7,15370,11403.4,205.5,1.884128812,0.949363011,91368485.5,20,15000,36:07.4
10,846.6,15333.2,11372.8,206,1.887318335,0.949831008,91285033.3,20,15000,36:08.8
10,841.7,15292.6,11341.5,209.3,1.885461518,0.94832757,90964312.5,20,15000,36:09.9
10,838.7,15282.8,11338.8,209.3,1.884288413,0.949302594,91047164.4,20,15000,36:10.9
10,840.7,15409,11438.8,207.2,1.890511495,0.952066528,91433604.4,20,15000,36:11.9
10,838.6,15407.7,11438.9,203.7,1.882210972,0.953585435,91089599.5,20,15000,36:13.3
10,836.8,15340.1,11392.1,203.3,1.878684738,0.945590348,91147865.9,20,15000,36:14.4
10,835,15292.4,11358.6,203,1.870192357,0.943452295,90641520.7,20,15000,36:15.4
10,833.3,15281.1,11349.6,202.6,1.868572221,0.941266887,90499079.1,20,15000,36:16.5
10,836.4,15372.8,11426.6,204.1,1.884133994,0.949799156,90583748.1,20,15000,36:17.5
10,835.2,15367.2,11422.6,204.1,1.879610715,0.944932006,90385218,20,15000,36:18.6
10,832.3,15310.3,11380.6,204.1,1.87195986,0.942845553,89925773.9,20,15000,36:19.6
10,831.1,15273.3,11353.2,204.1,1.861901954,0.938131956,89752298.7,20,15000,36:20.7
10,837.1,15350.5,11412.5,204.1,1.882165215,0.939943824,90209322.9,20,15000,36:21.7
10,837.1,15305.3,11394.7,204.1,1.88334276,0.944318237,90591954,20,15000,36:23.1
10,841,15228.1,11357.3,201,1.877257278,0.949430077,90721517.3,20,15000,36:25.6
10,826.6,15287.5,11394.5,208.7,1.871705221,0.945368344,90605991.2,20,15000,36:26.7
10,825,15309.3,11410.4,208.7,1.871011497,0.946108423,90601464.2,20,15000,36:27.7
10,823.4,15304.1,11406.6,208.7,1.868799091,0.943539651,90624010.6,20,15000,36:28.8
10,823,15241.9,11359.5,208.7,1.865992445,0.941942456,90639385.7,20,15000,36:29.8
10,824,15225.6,11348.4,205.3,1.865521292,0.941391485,90638663.5,20,15000,36:30.9
10,830.8,15361.3,11437.8,208.3,1.86962083,0.931361906,91227237.5,20,15000,36:31.9
10,829.5,15311.8,11400.7,208.3,1.86595164,0.929045316,91238201.8,20,15000,36:33.0
10,827.3,15254.1,11354.8,210.8,1.857952551,0.921921239,90547520.2,20,15000,36:34.0
10,818.9,15250.9,11354.7,211.2,1.853637458,0.920013097,90309562.5,20,15000,36:35.1
10,818,15195.3,11317.5,214.6,1.846155096,0.914547156,90161528.5,20,15000,36:36.1
10,823.3,15283.5,11372.1,214.6,1.860613568,0.907313845,90398339.9,20,15000,36:37.2
10,822.5,15243,11336.4,214.6,1.856590399,0.906989226,89805071.7,20,15000,36:38.7
10,816.2,15187.6,11309.1,214.6,1.847395599,0.897779336,89406319.5,20,15000,36:39.8
10,814.9,15227.7,11339.5,214.6,1.84404915,0.895752741,89059014.6,20,15000,36:40.8
10,820.1,15325,11401,210.1,1.863812692,0.900166348,89722338,20,15000,36:41.9
10,821.3,15290.5,11385.8,215.3,1.859828168,0.896271077,89638657.5,20,15000,36:42.9
10,820.4,15262.9,11375.3,215.3,1.857658175,0.893121581,89620658.4,20,15000,36:44.0
10,815.4,15201.8,11325.5,211.9,1.846327978,0.886838811,89302182.6,20,15000,36:45.0
10,814.8,15166.1,11299.2,211.6,1.842947601,0.885406583,89242710.2,20,15000,36:46.1
10,828,15226.4,11322.9,211.2,1.861106133,0.900515495,90784971.8,20,15000,36:47.1
10,825.5,15210.5,11313.9,210.8,1.856502874,0.899645139,90612590.7,20,15000,36:48.2
10,825.1,15223.8,11328.6,210.4,1.852187164,0.900120272,90464086.2,20,15000,36:49.2
10,823.1,15189.3,11303.1,210,1.851567729,0.895408006,90368889.4,20,15000,36:50.3
10,820.4,15165.7,11282.8,209.7,1.849060903,0.891947877,90354408.2,20,15000,36:51.3
10,827.3,15215,11308.9,214.3,1.861618602,0.917228095,91357726,20,15000,36:52.3
10,827.4,15173.3,11278.5,214.3,1.861632615,0.914881497,91454576.3,20,15000,36:53.4
10,822.6,15095.7,11219.2,211,1.858235732,0.912279615,91126373.1,20,15000,36:54.4
10,822,15139.9,11252,210.6,1.852503207,0.908088076,90979440.3,20,15000,36:55.5
10,821.2,15107.2,11224.8,210,1.851207423,0.906523867,90512985.1,20,15000,36:57.1
10,824.5,15203.4,11299.3,207.6,1.872336366,0.930827688,91030500.1,20,15000,36:58.2
10,823.5,15191.2,11288.2,213.2,1.867671535,0.930615214,90871890.4,20,15000,36:59.2
10,823.3,15183,11281.7,213.2,1.865068837,0.929449433,90759493.8,20,15000,37:00.2
10,821.7,15153.1,11257.7,213.2,1.862310802,0.927919466,90640060.9,20,15000,37:01.3
10,815.5,15215.8,11287.5,213.2,1.863053786,0.925662657,90468280.7,20,15000,37:02.4
10,815.7,15139.8,11231.2,213.2,1.859227431,0.924432764,90351188,20,15000,37:03.5
10,812.5,15072.9,11179.9,213.2,1.857958813,0.923884271,89988122.5,20,15000,37:04.5
10,810.3,15078.5,11181.7,209.5,1.853700674,0.922626382,89866962,20,15000,37:05.5
10,818.5,15116.6,11214.9,207.5,1.856437622,0.924929201,90099420.8,20,15000,37:06.6
10,817.5,15118.7,11214,207.5,1.855287629,0.92091672,90162033,20,15000,37:07.6
10,819.1,15143.9,11232.9,207.5,1.8525509,0.920821646,90155368.5,20,15000,37:08.7
10,818.3,15183.2,11261.7,213,1.855385646,0.923306699,90254319.2,20,15000,37:09.8
10,812.7,15052.2,11161.3,213,1.851101297,0.924541641,89953649.4,20,15000,37:10.8
10,820.4,15258.8,11316,208.2,1.86708474,0.932658728,90456060.7,20,15000,37:11.8
10,821.7,15224.3,11284,208.2,1.867768566,0.932656126,90124504.1,20,15000,37:12.9
10,820,15242.9,11297.2,213.4,1.859714002,0.927939262,89851666.5,20,15000,37:14.2
10,818.4,15241.9,11296.2,213.4,1.862072272,0.928053719,90091963.1,20,15000,37:15.3
10,816.5,15166.5,11241.2,213.4,1.856928948,0.925504971,89938240.4,20,15000,37:16.3
10,820.5,15142.2,11237,213.4,1.864328941,0.966056547,90193324.5,20,15000,37:17.7
10,818.7,15129.8,11226.8,213.4,1.861584875,0.964735436,90161154.2,20,15000,37:18.8
10,812.9,15095.7,11201.2,213.4,1.858339597,0.961390301,89556183.7,20,15000,37:19.8
10,809.3,15106.8,11209.5,209.9,1.859395783,0.962789708,89370721.2,20,15000,37:20.9
10,811,15228,11309.1,204.6,1.870872382,0.970946214,89904157.8,20,15000,37:21.9
10,807,15198,11286.3,204.6,1.8694291,0.964132168,89579898.1,20,15000,37:23.0
10,805.8,15196.5,11283.5,204.6,1.872452134,0.964356658,89606878.7,20,15000,37:24.0
10,798.5,15154.2,11253.5,204.3,1.86494383,0.960175015,88962221.6,20,15000,37:25.0
10,796.7,15115.9,11227.4,207.6,1.863600351,0.954984822,88743151.5,20,15000,37:26.1
10,800.9,15248.1,11340,207.6,1.872782707,0.973773159,89602688.8,20,15000,37:27.1
10,798.8,15218.4,11316.7,207.6,1.868266411,0.966789321,89592474.1,20,15000,37:28.2
10,799.8,15159.5,11270.1,208,1.868678892,0.965073095,89716432.1,20,15000,37:29.2
10,799.6,15144.8,11255.3,208,1.869761373,0.961793918,89823538.9,20,15000,37:30.3
10,796.8,15081.6,11203.3,208,1.865970528,0.95990911,89367326.3,20,15000,37:31.3
10,801.6,15110,11223.3,203.8,1.876850588,0.977488132,90285341.6,20,15000,37:32.5
10,797.2,15153.5,11254.6,203.8,1.870231432,0.97631726,89962591.8,20,15000,37:34.8
10,792.5,15064.3,11190,203.8,1.87298535,0.979350638,89712655,20,15000,37:35.9
10,794.3,15238.7,11310.8,205.4,1.882540985,0.989484279,90275472.3,20,15000,37:37.0
10,790.3,15227.3,11299.8,205.4,1.880579003,0.991648163,89941488,20,15000,37:38.0
10,792,15200.9,11277.5,209.3,1.882618308,0.99470972,90172109.9,20,15000,37:39.0
10,787.3,15184.3,11264.7,209.3,1.877363844,0.991414507,89644333.9,20,15000,37:40.2
10,786.8,15156.6,11244.1,209.3,1.874595328,0.989814594,89518193.3,20,15000,37:41.3
10,782.5,15136.4,11223,212.8,1.876503678,1.008649337,88910536.4,20,15000,37:42.3
10,780.9,15156,11238.5,212.8,1.874048433,1.009081714,89038714.4,20,15000,37:43.4
10,781.4,15118.9,11206.9,212.8,1.872546678,1.008410378,88944141.5,20,15000,37:44.4
10,779.6,15116.3,11204.9,212.8,1.867054667,1.008791086,88681150.3,20,15000,37:45.5
10,787.5,15144.9,11224.5,209.5,1.894174922,1.029400898,88503706.2,20,15000,37:46.6
10,784.1,15113.9,11201.4,209.2,1.886481325,1.031733945,88079046.7,20,15000,37:47.6
10,780.9,15059.6,11160.9,208.8,1.884313012,1.034327864,87878115.6,20,15000,37:48.6
10,773.6,15030.6,11140.2,208.4,1.879288497,1.035793397,87200441.8,20,15000,37:49.7
10,773.9,15028,11136.6,199,1.878848208,1.037729677,87164867.1,20,15000,37:51.2
10,780.9,15109.8,11190.5,199.1,1.885110465,1.032661573,88239899.8,20,15000,37:52.3
10,782,15079.9,11167.7,190.2,1.888574931,1.03712476,88341812.1,20,15000,37:53.4
10,781.6,15046.5,11146.9,190.2,1.888324672,1.037346539,88202682.5,20,15000,37:54.4
10,779.4,15016.4,11128,190.2,1.886801526,1.03691594,87917272,20,15000,37:54.8
10,777.5,15024.2,11137.6,190.2,1.884240149,1.035724876,87703548.5,20,15000,37:55.9
10,797.2,15083.4,11178.3,190.2,1.90320208,1.040245692,89289841.1,20,15000,37:57.0
10,797.3,15083.3,11178.3,190.2,1.899801169,1.034330514,89377305.1,20,15000,37:58.1
10,796.9,15111.2,11199.4,190.2,1.892799983,1.032419645,89250602.1,20,15000,37:59.2
10,794.8,15058.6,11166.1,190.2,1.887927318,1.029995913,88937004.8,20,15000,38:00.2
10,790.2,14999.3,11130.3,190.2,1.88368578,1.030292267,88415617.6,20,15000,38:01.2
10,786.5,15034.8,11159.8,220.5,1.898528851,1.033687758,88812740.3,20,15000,38:02.3
10,784.8,14987.3,11129.4,220.5,1.894544748,1.035532491,88670463.8,20,15000,38:03.3
10,780.8,14982.2,11125.5,215.5,1.890809739,1.034715089,88413216.8,20,15000,38:04.4
10,781.5,14994.1,11139.6,215.5,1.887023422,1.034748509,88296489.9,20,15000,38:05.4
10,780.7,14979.2,11130.7,212.2,1.881193806,1.032558426,88029085.9,20,15000,38:06.5
10,786.2,15043.2,11188.8,204.7,1.906120636,1.045485626,88735864.2,20,15000,38:07.5
10,784.9,15008.3,11163.2,204.4,1.904119585,1.043515044,88648912.1,20,15000,38:08.5
10,785.7,14924.8,11103.2,204,1.903839583,1.036778297,88749918.4,20,15000,38:10.6
10,783.4,14895.6,11084,203.5,1.893638901,1.035290632,88702432.8,20,15000,38:11.8
10,783.6,15047.7,11207.4,237.8,1.897686738,1.030050482,88750934.5,20,15000,38:12.8
10,779.9,15013.2,11181.8,237.8,1.8921947,1.030249291,88882481.1,20,15000,38:13.9
10,781.8,15023.5,11187.1,237.8,1.893219344,1.035253226,88654883.7,20,15000,38:15.0
10,781.5,14989.1,11160.6,237.8,1.892488487,1.035542112,88663515.9,20,15000,38:16.0
10,782.1,15071,11223,237.3,1.895193963,1.023626721,87941245.4,20,15000,38:17.1
10,780.4,15101.8,11245.1,237.3,1.892622503,1.022451115,87817752.5,20,15000,38:18.2
10,773.5,15075.4,11225.4,237.3,1.883465845,1.022265137,86911001.9,20,15000,38:19.2
10,771.8,15049.4,11207.9,222.3,1.876185599,1.019521968,86403669.3,20,15000,38:20.2
10,775.6,14997.5,11173.4,210.2,1.871516223,1.017886184,86685087.3,20,15000,38:21.3
10,772.9,15087.5,11248.4,212.4,1.901070946,1.00874596,86659500.4,20,15000,38:22.3
10,769.5,15013.4,11194,212.7,1.89852196,1.008917687,86445459,20,15000,38:23.4
10,769.8,14964.3,11156.6,216,1.900104222,1.010905052,86591316.2,20,15000,38:24.4
10,769.6,14976.7,11166.3,216,1.899949321,1.011201558,86656185.5,20,15000,38:25.5
10,769.5,14889.5,11103.9,216,1.899726275,1.011119973,86645211,20,15000,38:26.5
10,771.2,15024.6,11214.3,216,1.900163534,1.005488393,87303176.5,20,15000,38:27.6
10,770.3,15042.3,11207.1,216,1.898044898,1.005638338,87303623.5,20,15000,38:28.8
10,768.4,15010.7,11205.1,216,1.895458127,1.004854033,87419727.5,20,15000,38:29.9
10,769.3,15012.4,11205,212.8,1.895164031,1.004703894,87403490.6,20,15000,38:30.9
10,763.8,15075.8,11252.9,219.1,1.892878841,1.003647853,86349860.6,20,15000,38:31.9
10,763.8,15077.4,11253.6,219.1,1.888239946,1.000240427,86129078,20,15000,38:33.0
10,759.8,15085.5,11259.1,215.7,1.889988765,1.00241971,86274630,20,15000,38:34.0
10,754.1,15056.6,11237.9,215.3,1.887967033,1.002520268,85777798.3,20,15000,38:35.1
10,750,15045.6,11229.8,214.9,1.874196636,0.998235478,85362875,20,15000,38:36.1
10,761.2,15155.5,11319.6,214.4,1.877747923,1.009829593,86705242.3,20,15000,38:37.2
10,760.7,15152.9,11317.6,214.8,1.878800231,1.012583159,86749409.1,20,15000,38:38.2
10,758.3,15128.3,11298.7,215.1,1.877442238,1.010863532,86335316.4,20,15000,38:39.3
10,753.5,15070.9,11255.5,213.7,1.876670478,0.999039973,85583335.2,20,15000,38:40.6
10,747.8,14960,11172.2,213.7,1.868894733,0.994985601,85322249.2,20,15000,38:41.9
10,760.8,15162.7,11320.7,213.7,1.889142674,1.007713172,86854327,20,15000,38:43.0
10,758,15165.3,11322.7,213.7,1.882985721,1.005358884,86669204.5,20,15000,38:44.0
10,758.6,15184.9,11335,210.3,1.882973911,1.001560288,86638973.2,20,15000,38:45.0
10,758.3,15129.6,11294.2,209.9,1.878939252,0.999998246,86304115.8,20,15000,38:46.7
10,763.3,15169.3,11315.7,206.2,1.882437824,1.005749355,86775030.6,20,15000,38:47.8
10,762.9,15135.7,11289.1,205.8,1.879238527,1.00729157,86787761.3,20,15000,38:48.8
10,760.9,15135.6,11289.1,205.4,1.878787077,1.004236992,86679076.4,20,15000,38:49.8
10,754.4,15038.9,11214.4,205.1,1.869323131,1.00605606,85769513.1,20,15000,38:50.9
10,757.8,15163.5,11301.2,204.6,1.867050725,1.014820753,85625506.2,20,15000,38:51.9
10,751.8,15197.5,11325.2,204.6,1.862836161,1.014236343,85136489.6,20,15000,38:53.0
10,752.6,15144.5,11286,204.6,1.867218951,1.018510857,85197391.6,20,15000,38:54.0
10,749.8,15110,11260,204.6,1.865728043,1.019088311,84910906.5,20,15000,38:55.0
10,747.6,15010.3,11180.6,201.8,1.861693442,1.017331151,84705217.9,20,15000,38:56.1
10,745.3,14969.3,11142.4,196.4,1.854041706,1.015005578,84304758.7,20,15000,38:57.5
10,760.3,15169.2,11284.5,196.8,1.888051324,1.039829091,86480217.1,20,15000,38:58.5
10,757.1,15190.4,11298.1,193.9,1.883717128,1.038095506,86167140.7,20,15000,38:59.6
10,752.3,15137.1,11259.1,196.6,1.877618691,1.037660498,85785016.8,20,15000,39:00.7
10,753.7,15247.8,11337.5,227,1.881720646,1.038764139,86689983.6,20,15000,39:01.7
10,757.5,15202,11298.4,227,1.885617012,1.040707657,86800549.1,20,15000,39:02.7
10,756.2,15246.1,11331,223.9,1.882126433,1.040186153,86594948.3,20,15000,39:03.8
10,754.5,15223.3,11312.9,223.5,1.87956058,1.039262307,86494000.5,20,15000,39:04.8
10,755.4,15163.8,11270.2,223.1,1.866128915,1.039105157,85918064.2,20,15000,39:06.2
10,771.2,15240.9,11333.4,253.1,1.877666091,1.045264131,87372713.9,20,15000,39:07.3
10,770.9,15179.3,11286.4,253.1,1.881914722,1.052158088,87198841.9,20,15000,39:08.3
10,765.4,15194.4,11298,253.1,1.877042773,1.051631214,86850758.1,20,15000,39:09.3
10,762.4,15194.9,11297.8,253.1,1.867281882,1.048423316,86141041.6,20,15000,39:10.4
10,761.1,15191.9,11298.3,253.1,1.863985378,1.046548503,85990336.1,20,15000,39:11.4
10,766,15288.7,11386.6,250.2,1.884672833,1.054420653,86558244.1,20,15000,39:12.5
10,767.8,15269.7,11374.2,250.2,1.886976831,1.05343331,86475599.4,20,15000,39:13.5
10,766.3,15261.8,11368.2,250.2,1.884635849,1.052430261,86390621.6,20,15000,39:14.6
10,764.6,15226.8,11342.1,250.2,1.883934054,1.051895985,86343330.9,20,15000,39:15.6
10,761.1,15170.5,11310.6,242.9,1.876828733,1.051345831,85678942.9,20,15000,39:16.7
10,768,15281.8,11408.2,238.9,1.889373649,1.042281691,86066757.1,20,15000,39:17.8
10,768,15276.3,11404.1,238.5,1.889374784,1.042279807,86063712.7,20,15000,39:18.8
10,767.4,15240.9,11377.7,238.1,1.8854903,1.040466841,86109822.7,20,15000,39:19.9
10,765.1,15231.3,11372.4,237.7,1.879660414,1.037272224,85845727.4,20,15000,39:20.9
10,780.3,15319.3,11463.5,228.6,1.885366841,1.035984882,85285828.3,20,15000,39:21.6
10,780.6,15295.2,11442.9,228.6,1.884900941,1.036244233,85458160.3,20,15000,39:22.6
10,777.7,15266.7,11425.8,228.6,1.87815544,1.029772958,85309984.4,20,15000,39:23.7
10,774.1,15261.4,11421.8,229.9,1.865699434,1.024389239,85013393.2,20,15000,39:24.7
10,777.2,15093.8,11297.1,229.9,1.865758804,1.025227565,84985652.2,20,15000,39:25.8
10,783.3,15197,11389.9,229.9,1.875104838,1.024196669,86447176.8,20,15000,39:26.8
10,783.4,15201.2,11395.6,234.7,1.874844329,1.025461029,86284575.1,20,15000,39:27.8
10,781.5,15177.7,11378.9,234.7,1.864350034,1.024059579,85911215.9,20,15000,39:29.5
10,776.9,15222.5,11408.3,234.7,1.858616603,1.022298961,85650137.2,20,15000,39:30.5
10,786.9,15252.2,11426,234.7,1.867070166,1.019535829,86211100.8,20,15000,39:31.7
10,786.5,15188.6,11376.7,234.7,1.871896343,1.020804628,86508078.5,20,15000,39:32.8
10,784.7,15157.9,11354.9,234.7,1.870386218,1.016428193,86586692.9,20,15000,39:33.8
10,784.6,15179.8,11371.9,234.7,1.864254581,1.010651587,86417296,20,15000,39:34.8
10,782.6,15172.2,11361.9,234.7,1.857818879,0.998230733,86536971.2,20,15000,39:35.9
10,784.3,15323.4,11474.6,234.1,1.864059033,0.992518042,86897407.7,20,15000,39:36.9
10,785.8,15235.5,11413.3,230.6,1.863907037,0.994512522,86808710,20,15000,39:38.0
10,786.1,15228.4,11408.3,234.2,1.864295468,0.995019853,86683555.5,20,15000,39:39.0
10,781.5,15220.4,11402.3,239.7,1.861050175,0.992648285,86380426.8,20,15000,39:40.1
10,776.7,15189.6,11378.9,239.2,1.856496273,0.980338607,86363827.1,20,15000,39:41.1
10,778.9,15286.3,11447.5,237.7,1.868259872,0.967612611,86566505.7,20,15000,39:42.2
10,774.3,15259,11427.6,237.7,1.865573675,0.965716781,86208041,20,15000,39:43.3
10,772,15168.4,11377.1,237.7,1.856760972,0.96130522,85668153.2,20,15000,39:44.5
10,771,15099.4,11327.7,237.7,1.853412133,0.955509637,85544949.9,20,15000,39:45.6
10,780.8,15157.3,11354.1,237.7,1.874139303,0.957847407,86885825,20,15000,39:46.6
10,779.9,15199.6,11384.8,237.7,1.869481383,0.954511205,86847469.3,20,15000,39:47.7
10,777.8,15171.8,11361.1,237.7,1.856624626,0.942984003,86476887.3,20,15000,39:48.7
10,779.3,15187.7,11372.9,234,1.856010505,0.930291433,86622244.1,20,15000,39:49.8
10,776.8,15108.6,11317,233.5,1.850806185,0.925062158,86746035.4,20,15000,39:50.8
10,786.7,15215.6,11382.2,231.7,1.87212719,0.958551815,88151854.7,20,15000,39:51.9
10,782.9,15212,11379.8,231.7,1.868359443,0.962289087,87624961.4,20,15000,39:52.9
10,781.7,15217.7,11383.3,235.8,1.870062446,0.967362226,87238980.8,20,15000,39:53.9
10,776.9,15233,11395.7,240.6,1.871897502,0.972260319,87081420.9,20,15000,39:55.3
10,775.8,15156.9,11340.5,236.6,1.865644225,0.97007775,86791556.5,20,15000,39:56.4
10,772.6,15284.9,11414,234.1,1.8788011,0.988328755,87011117.4,20,15000,39:57.7
10,772.4,15287.9,11416.2,234.1,1.87975433,0.991468504,86921473.9,20,15000,39:58.8
10,770.9,15266.4,11401.2,234.1,1.87720836,0.990261998,86787365.9,20,15000,39:59.8
10,764.6,15222.2,11366.4,234.1,1.869206302,0.983662067,86231062,20,15000,40:00.9
10,764.1,15283,11405.9,229.8,1.880544557,0.992167107,85951527.8,20,15000,40:01.9
10,763.7,15281.6,11405.4,229.8,1.880260441,0.992961073,86008504.3,20,15000,40:03.0
10,762.2,15257.1,11386,229.8,1.874641833,0.993295902,85736196.3,20,15000,40:04.0
10,763,15277.2,11403,220.2,1.868980657,0.990618575,85636816.2,20,15000,40:05.0
10,760.5,15201,11346.2,213.7,1.861071436,0.99364415,85589630.1,20,15000,40:06.1
10,770.2,15258.9,11391.2,214.1,1.883623481,0.992723079,86964393.2,20,15000,40:07.1
10,771.7,15205.2,11346.2,217.8,1.882587162,0.99428398,86844215.2,20,15000,40:08.2
10,771.7,15136.9,11293.2,217.8,1.881704285,0.994588424,86674506.5,20,15000,40:09.2
10,771.4,15157.1,11308.3,217.8,1.8788037,0.999688261,86698873.6,20,15000,40:10.3
10,762.3,15086.3,11255.7,217.8,1.864163288,0.995719012,86216605.4,20,15000,40:11.4
10,770.8,15316.5,11428.9,213,1.868592221,0.996517392,86650792,20,15000,40:12.4
10,772.2,15246.2,11377.6,213,1.871004766,0.997865157,86770493.1,20,15000,40:13.4
10,772.8,15247.3,11377.7,213,1.87056908,1.001497915,86419478.6,20,15000,40:14.5
10,773.5,15236.9,11374.5,213,1.873767617,1.003636574,86718672.2,20,15000,40:15.5
10,778.3,15440.1,11535.6,208.5,1.879595087,1.016030529,87524648,20,15000,40:16.6
10,776.3,15439.8,11534.8,208.5,1.879210231,1.015297249,87333365.2,20,15000,40:17.6
10,773.3,15417.7,11516.6,208.5,1.875110697,1.013301256,87050770.3,20,15000,40:18.7
10,772.4,15438.9,11532.3,208.5,1.868049977,1.008192439,86700716.1,20,15000,40:19.7
10,768.6,15436,11530.3,208.5,1.865485361,1.003120336,86660404.4,20,15000,40:20.8
10,777,15437.4,11539.6,208.5,1.87706883,1.002103374,87486699.6,20,15000,40:21.8
10,775.3,15405.7,11518.7,205.6,1.869900239,0.993077745,87523580,20,15000,40:22.9
10,775.1,15374.8,11500.4,206,1.867752497,0.992204934,87416071.7,20,15000,40:23.9
10,774.7,15284.9,11434.6,200.1,1.864480377,0.987384042,87591575.5,20,15000,40:24.9
10,773.8,15252.1,11410.6,200.5,1.862836176,0.985388016,87681684.3,20,15000,40:26.2
10,780.7,15404.1,11527.3,205.3,1.871692822,0.981087184,88092558.9,20,15000,40:27.3
10,776.5,15362.6,11497,205.3,1.876778645,0.986504137,87774998.8,20,15000,40:28.3
10,775.6,15312.2,11460.9,201.9,1.877518612,0.986493973,87600194.2,20,15000,40:29.3
10,769.4,15322.5,11468.9,201.5,1.875564618,0.984425818,87134387.9,20,15000,40:30.4
10,771.5,15299.3,11455.1,201.1,1.87331373,0.978373902,86456065.2,20,15000,40:31.4
10,767.8,15438.7,11567.7,199.1,1.872522319,0.977644337,86495079.2,20,15000,40:32.5
10,770.4,15429.8,11561.3,199.1,1.873812883,0.978674594,86568234.3,20,15000,40:33.5
10,766.1,15387.5,11530.4,199.1,1.866400202,0.979627308,85961716.6,20,15000,40:34.6
10,763.3,15371.7,11526.6,199.1,1.859523894,0.976988586,85736053.4,20,15000,40:35.6
10,773,15417,11563.3,194.3,1.861514762,0.967547991,86939619.3,20,15000,40:36.7
10,770.8,15381.2,11534.1,194.3,1.857032986,0.957496915,86772046,20,15000,40:37.8
10,770.2,15350.5,11510.8,194.3,1.854772892,0.957339854,86843672.8,20,15000,40:38.9
10,769.5,15347,11506.6,194.3,1.851374379,0.954695359,86748304.9,20,15000,40:39.9
10,767.7,15269.5,11443.7,194.3,1.84784249,0.954051895,86483508,20,15000,40:40.9
10,777.1,15321.7,11491,194.3,1.853376084,0.951605141,87872046.9,20,15000,40:42.0
10,771.2,15263.8,11439.7,204.2,1.851134263,0.949841535,87555947.2,20,15000,40:43.0
10,772.6,15205.2,11393.4,204.2,1.847823348,0.948222245,87651474.6,20,15000,40:44.1
10,767.3,15190.9,11381.7,204.2,1.84490855,0.948580343,87241212.9,20,15000,40:45.2
10,766.9,15107.1,11308.4,200.9,1.845191906,0.946964844,87030924.6,20,15000,40:46.2
10,775.8,15212.9,11390.2,200.5,1.844894331,0.95464737,88530618.3,20,15000,40:47.2
10,776.3,15235.2,11405.3,200.1,1.843042996,0.952153637,88467305.8,20,15000,40:48.3
10,775.1,15235.4,11404.7,199.8,1.84537776,0.95738185,88394544.9,20,15000,40:49.3
10,771.8,15202.5,11377.2,199.4,1.839038706,0.954591591,87999146.2,20,15000,40:50.4
10,768.3,15173.3,11353.1,199.1,1.834106128,0.954203514,87955536.1,20,15000,40:51.4
10,772.4,15097.7,11291.4,195.3,1.827211587,0.949995878,88900367.5,20,15000,40:52.5
10,773.6,15097.7,11291.4,195.3,1.824498612,0.947003851,88966661.3,20,15000,40:52.5
10,770.9,15052.7,11255.5,194.9,1.817971889,0.94581779,88456569.6,20,15000,40:53.7
10,770.8,15052.1,11255,194.8,1.81782209,0.945732871,88449802.5,20,15000,40:53.8
